MODEL,EPOCHS,LEARNING_RATE,TRAINING_IMGSIZE,TOTAL_IMAGES,PREPROCESSING,AUGMENTATIONS,PREDICT_IMAGES,PRECISION,RECALL,F1_SCORE,PREDICT_TIME_PER_IMAGE
FCN,50,0.0001,480x480,45,bilateral smooth filter 15 100 100,translate & 2x,5,0.851,0.93,0.889,0.215
UNet,50,0.0001,480x480,45,bilateral smooth filter 9 75 75,crop & 2x,5,0.881,0.889,0.885,4.948
UNet,50,0.0001,480x480,45,bilateral smooth filter 15 100 100,crop & 2x,5,0.879,0.89,0.884,5.01
SegNet,50,0.0001,480x480,45,bilateral smooth filter 9 75 75,translate & 2x,5,0.882,0.878,0.88,0.881
UNet,50,0.0001,480x480,45,bilateral smooth filter 9 75 75,scale & 2x,5,0.871,0.889,0.88,0.133
BiseNet,50,0.0001,480x480,45,bilateral smooth filter 15 100 100,translate & 2x,5,0.825,0.94,0.879,0.194
Mask RCNN,50,0.0001,480x480,45,bilateral smooth filter 15 100 100,scale & 2x,5,0.864,0.894,0.879,0.12
UNet,50,0.0001,480x480,45,bilateral smooth filter 9 75 75,flip horizontal vertical & 2x,5,0.849,0.904,0.876,0.143
Mask RCNN,50,0.0001,480x480,45,bilateral smooth filter 9 75 75,crop & 2x,5,0.878,0.87,0.874,0.824
BiseNet,50,0.0001,480x480,45,bilateral smooth filter 15 100 100,crop & 2x,5,0.823,0.929,0.873,1.961
HRNet,50,0.0001,480x480,45,bilateral smooth filter 9 75 75,crop & 2x,5,0.88,0.866,0.873,0.702
BiseNet,50,0.0001,480x480,45,bilateral smooth filter 9 75 75,translate & 2x,5,0.905,0.842,0.872,0.354
Mask RCNN,50,0.0001,480x480,63,bilateral smooth filter 9 75 75,scale & 2x,5,0.867,0.877,0.872,0.178
SegNet,50,0.0001,480x480,45,bilateral smooth filter 9 75 75,scale & 2x,5,0.828,0.922,0.872,0.84
Mask RCNN,50,0.0001,480x480,45,bilateral smooth filter 15 100 100,flip horizontal vertical & 2x,5,0.89,0.852,0.871,0.192
Mask RCNN,50,0.0001,480x480,45,bilateral smooth filter 9 75 75,translate & 2x,5,0.827,0.917,0.87,0.126
SegNet,50,0.0001,480x480,45,bilateral smooth filter 9 75 75,flip horizontal vertical & 2x,5,0.827,0.917,0.87,0.887
SegNet,50,0.0001,480x480,45,bilateral smooth filter 15 100 100,scale & 2x,5,0.835,0.904,0.868,0.77
FCN,50,0.0001,480x480,45,bilateral smooth filter 9 75 75,translate & 2x,5,0.899,0.838,0.867,0.273
BiseNet,50,0.0001,480x480,45,bilateral smooth filter 9 75 75,crop & 2x,5,0.802,0.936,0.864,0.292
FCN,50,0.0001,480x480,45,bilateral smooth filter 15 100 100,scale & 2x,5,0.912,0.821,0.864,0.209
Mask RCNN,50,0.0001,480x480,45,adaptive median filter 3,no,5,0.831,0.9,0.864,1.002
Mask RCNN,50,0.0001,480x480,45,adaptive median filter 3,scale & 2x,5,0.855,0.873,0.864,0.105
SegNet,50,0.0001,480x480,45,bilateral smooth filter 15 100 100,flip horizontal vertical & 2x,5,0.91,0.823,0.864,0.779
UNet,50,0.0001,480x480,45,bilateral smooth filter 9 75 75,translate & 2x,5,0.909,0.824,0.864,0.149
Mask RCNN,50,0.0001,480x480,45,bilateral smooth filter 9 75 75,zoom in & 2x,5,0.906,0.824,0.863,0.118
Mask RCNN,50,0.0001,480x480,45,bilateral smooth filter 15 100 100,shear & 2x,5,0.904,0.823,0.862,0.13
Mask RCNN,50,0.0001,480x480,45,resize 720x720,no,5,0.845,0.88,0.862,0.132
FCN,50,0.0001,480x480,45,bilateral smooth filter 9 75 75,crop & 2x,5,0.899,0.826,0.861,0.251
HRNet,50,0.0001,480x480,45,bilateral smooth filter 15 100 100,translate & 2x,5,0.799,0.933,0.861,0.566
SegNet,50,0.0001,480x480,45,bilateral smooth filter 15 100 100,crop & 2x,5,0.935,0.798,0.861,5.261
Mask RCNN,50,0.0001,480x480,45,adaptive median filter 3,rotate & flip horizontal vertical & crop & 2x,5,0.875,0.845,0.86,0.105
Mask RCNN,50,0.0001,480x480,45,dilation,no,5,0.893,0.829,0.86,0.262
BiseNet,50,0.0001,480x480,45,bilateral smooth filter 9 75 75,scale & 2x,5,0.852,0.866,0.859,0.322
FCN,50,0.0001,480x480,45,bilateral smooth filter 15 100 100,flip horizontal vertical & 2x,5,0.91,0.813,0.859,0.209
Mask RCNN,50,0.0001,480x480,45,bilateral smooth filter 15 100 100,rotate & 2x,5,0.908,0.815,0.859,0.107
Mask RCNN,50,0.0001,480x480,45,resize 640x640 & hair removal & gaussian filter,flip horizontal vertical & 2x,5,0.893,0.828,0.859,0.174
HRNet,50,0.0001,480x480,45,bilateral smooth filter 15 100 100,scale & 2x,5,0.805,0.918,0.858,0.555
Mask RCNN,50,0.0001,480x480,45,bilateral smooth filter 15 100 100,rotate & shear & flip horizontal vertical & brightness & translate & zoom in & 2x,5,0.816,0.904,0.858,0.148
Mask RCNN,50,0.0001,480x480,45,bilateral smooth filter 9 75 75,shear & 2x,5,0.799,0.926,0.858,0.128
SegNet,50,0.0001,480x480,45,bilateral smooth filter 9 75 75,crop & 2x,5,0.9,0.82,0.858,0.9
Mask RCNN,50,0.0001,480x480,45,bilateral smooth filter 15 100 100,brightness & 2x,5,0.883,0.832,0.857,0.111
Mask RCNN,50,0.0001,480x480,45,bilateral smooth filter 15 100 100,contrast enhancement & 2x,5,0.799,0.924,0.857,0.112
Mask RCNN,50,0.0001,480x480,45,bilateral smooth filter 9 75 75,flip horizontal vertical & 2x,5,0.901,0.815,0.856,0.174
Mask RCNN,50,0.0001,480x480,45,resize 480x480,flip horizontal vertical & 2x,5,0.801,0.918,0.856,0.098
BiseNet,50,0.0001,480x480,45,bilateral smooth filter 9 75 75,flip horizontal vertical & 2x,5,0.804,0.908,0.853,0.297
Mask RCNN,50,0.0001,480x480,45,bilateral smooth filter 9 75 75,crop & rotate & brightness & scale & translate & 2x,5,0.778,0.943,0.853,0.188
Mask RCNN,75,0.0001,720x720,45,no,flip horizontal vertical & 2x,5,0.852,0.854,0.853,0.144
BiseNet,50,0.0001,480x480,45,bilateral smooth filter 15 100 100,flip horizontal vertical & 2x,5,0.763,0.964,0.852,0.167
Mask RCNN,50,0.0001,480x480,45,bilateral smooth filter 9 75 75,scale & 2x,5,0.768,0.955,0.851,0.138
UNet,50,0.0001,480x480,45,bilateral smooth filter 15 100 100,translate & 2x,5,0.914,0.797,0.851,0.131
HRNet,50,0.0001,480x480,45,bilateral smooth filter 9 75 75,translate & 2x,5,0.765,0.956,0.85,0.246
Mask RCNN,50,0.0001,480x480,45,bilateral smooth filter 9 75 75,rotate & shear & flip horizontal vertical & brightness & translate & zoom in & 2x,5,0.895,0.809,0.85,0.197
Mask RCNN,50,0.0001,480x480,45,adaptive median filter 3,brightness & 2x,5,0.84,0.858,0.849,0.098
Mask RCNN,50,0.0001,480x480,45,bilateral smooth filter 9 75 75,brightness & 2x,5,0.885,0.815,0.849,0.103
Mask RCNN,50,0.0001,480x480,45,resize 640x640,flip horizontal vertical & 2x,5,0.866,0.833,0.849,0.121
Mask RCNN,50,0.0001,640x640,45,no,flip horizontal vertical & 2x,5,0.857,0.842,0.849,0.105
UNet,75,0.0001,640x640,45,gaussian filter,flip horizontal vertical & 2x,5,0.884,0.816,0.849,0.348
Mask RCNN,50,0.0001,480x480,63,adaptive median filter 3,brightness & 2x,5,0.901,0.8,0.848,0.107
Mask RCNN,50,0.0001,480x480,45,bilateral smooth filter 15 100 100,crop & rotate & brightness & scale & translate & 2x,5,0.758,0.96,0.847,0.138
Mask RCNN,50,0.0001,480x480,45,resize 640x640,no,5,0.871,0.824,0.847,0.113
Mask RCNN,50,0.0001,480x480,45,gabor filter,flip horizontal vertical & 2x,5,0.805,0.891,0.846,0.102
UNet,50,0.0001,720x720,45,no,flip horizontal vertical & 2x,5,0.848,0.844,0.846,0.299
FCN,50,0.0001,480x480,45,bilateral smooth filter 9 75 75,scale & 2x,5,0.756,0.958,0.845,0.289
Mask RCNN,50,0.0001,480x480,45,adaptive median filter 3,translate & 2x,5,0.883,0.81,0.845,0.111
Mask RCNN,50,0.0001,480x480,45,bilateral smooth filter 15 100 100,no,5,0.865,0.826,0.845,0.188
Mask RCNN,50,0.0001,480x480,63,bilateral smooth filter 15 100 100,contrast enhancement & 2x,5,0.803,0.89,0.844,0.121
Mask RCNN,50,0.0001,480x480,45,erosion,no,5,0.899,0.793,0.843,0.293
Mask RCNN,50,0.0001,480x480,45,resize 720x720 & gaussian filter,flip horizontal vertical & 2x,5,0.922,0.774,0.842,0.137
Mask RCNN,50,0.0001,480x480,63,adaptive median filter 3,sharp & 2x,5,0.886,0.802,0.842,0.099
Mask RCNN,75,0.0001,480x480,45,gaussian filter,flip horizontal vertical & 2x,5,0.92,0.775,0.841,0.209
Mask RCNN,50,0.0001,480x480,45,adaptive median filter 3,rotate & 2x,5,0.897,0.789,0.84,0.096
UNet,50,0.0001,480x480,45,no,flip horizontal vertical & 2x,5,0.903,0.785,0.84,0.262
Mask RCNN,75,0.0001,640x640,45,gaussian filter,flip horizontal vertical & 2x,5,0.902,0.784,0.839,0.292
Mask RCNN,50,0.0001,480x480,45,adaptive median filter 3,contrast enhancement & 2x,5,0.789,0.894,0.838,0.095
Mask RCNN,50,0.0001,480x480,45,bilateral smooth filter 9 75 75,rotate & flip horizontal vertical & brightness & gaussian blur & contrast enhancement & sharp & 2x,5,0.907,0.779,0.838,0.214
Mask RCNN,75,0.0001,480x480,45,no,flip horizontal vertical & 2x,5,0.895,0.787,0.838,0.169
UNet,75,0.0001,720x720,45,no,flip horizontal vertical & 2x,5,0.882,0.798,0.838,0.566
Mask RCNN,50,0.0001,480x480,45,adaptive median filter 3,rotate & flip horizontal vertical & brightness & gaussian blur & contrast enhancement & sharp & 2x,5,0.759,0.932,0.837,0.095
Mask RCNN,50,0.0001,480x480,45,bilateral smooth filter 15 100 100,crop & 2x,5,0.912,0.773,0.837,0.847
Mask RCNN,50,0.0001,480x480,45,bilateral smooth filter 15 100 100,translate & 2x,5,0.92,0.768,0.837,0.127
Mask RCNN,50,0.0001,480x480,63,adaptive median filter 3,gaussian blur & 2x,5,0.9,0.783,0.837,0.116
Mask RCNN,50,0.0001,480x480,45,adaptive median filter 7,flip horizontal vertical & 2x,5,0.922,0.764,0.836,0.148
Mask RCNN,50,0.0001,480x480,45,adaptive median filter 3,crop & rotate & brightness & scale & translate & 2x,5,0.89,0.787,0.835,0.813
Mask RCNN,50,0.0001,480x480,45,bilateral smooth filter 5 50 50,flip horizontal vertical & 2x,5,0.903,0.776,0.835,0.208
Mask RCNN,50,0.0001,480x480,63,adaptive median filter 3,scale & 2x,5,0.74,0.956,0.834,0.112
Mask RCNN,50,0.0001,480x480,45,adaptive median filter 3,gaussian blur & 2x,5,0.904,0.772,0.833,0.106
Mask RCNN,50,0.0001,480x480,45,no,flip horizontal vertical & 2x,5,0.885,0.785,0.832,0.853
UNet,75,0.0001,640x640,45,no,flip horizontal vertical & 2x,5,0.906,0.77,0.832,0.254
Mask RCNN,50,0.0001,480x480,45,adaptive median filter 3,flip horizontal vertical & 2x,5,0.91,0.763,0.83,0.098
Mask RCNN,50,0.0001,480x480,45,bilateral smooth filter 9 75 75,contrast enhancement & 2x,5,0.909,0.764,0.83,0.14
UNet,75,0.0001,480x480,45,no,flip horizontal vertical & 2x,5,0.905,0.767,0.83,0.135
Mask RCNN,50,0.0001,480x480,63,bilateral smooth filter 9 75 75,sharp & 2x,5,0.766,0.904,0.829,0.178
Mask RCNN,50,0.0001,480x480,63,bilateral smooth filter 15 100 100,scale & 2x,5,0.921,0.748,0.826,0.136
Mask RCNN,75,0.0001,640x640,45,no,flip horizontal vertical & 2x,5,0.9,0.764,0.826,0.258
UNet,50,0.0001,480x480,45,bilateral smooth filter 15 100 100,scale & 2x,5,0.957,0.726,0.826,0.134
Mask RCNN,50,0.0001,640x640,45,no,no,5,0.88,0.776,0.825,1.17
Mask RCNN,50,0.0001,480x480,45,adaptive median filter 3,sharp & 2x,5,0.913,0.75,0.824,0.804
Mask RCNN,50,0.0001,480x480,45,hair removal,flip horizontal vertical & 2x,5,0.93,0.737,0.822,0.308
Mask RCNN,50,0.0001,480x480,63,adaptive median filter 3,contrast enhancement & 2x,5,0.902,0.755,0.822,0.107
Mask RCNN,50,0.0001,720x720,45,no,flip horizontal vertical & 2x,5,0.916,0.742,0.82,0.291
FCN,50,0.0001,480x480,63,bilateral smooth filter 15 100 100,crop & 2x,7,0.84,0.798,0.818,3.5
Mask RCNN,50,0.0001,480x480,45,adaptive median filter 7 & gaussian filter & contrast enhancement,no,5,0.824,0.813,0.818,0.13
Mask RCNN,50,0.0001,480x480,45,bilateral smooth filter 15 100 100,rotate & flip horizontal vertical & brightness & gaussian blur & contrast enhancement & sharp & 2x,5,0.725,0.936,0.817,0.141
Mask RCNN,50,0.0001,480x480,45,bilateral smooth filter 15 100 100,zoom in & 2x,5,0.931,0.728,0.817,0.117
Mask RCNN,50,0.0001,480x480,45,resize 720x720 & hair removal & gaussian filter,flip horizontal vertical & 2x,5,0.942,0.72,0.816,0.194
Mask RCNN,50,0.0001,640x640,45,gaussian filter,flip horizontal vertical & 2x,5,0.796,0.838,0.816,1.149
BiseNet,50,0.0001,480x480,63,bilateral smooth filter 15 100 100,flipHorizontalVertical & 2x,7,0.821,0.806,0.813,0.163
Mask RCNN,50,0.0001,480x480,45,resize 720x720 & gaussian filter,no,5,0.836,0.792,0.813,0.131
Mask RCNN,50,0.0001,480x480,45,bilateral smooth filter 9 75 75,sharp & 2x,5,0.712,0.945,0.812,0.138
Mask RCNN,50,0.0001,480x480,45,resize 480x480,no,5,0.889,0.744,0.81,0.83
Mask RCNN,50,0.0001,480x480,45,resize 720x720 & hair removal & gaussian filter,no,5,0.785,0.836,0.81,0.205
Mask RCNN,50,0.0001,480x480,45,adaptive median filter 7 & gaussian filter & contrast enhancement,flip horizontal vertical & 2x,5,0.754,0.871,0.808,0.144
DeepLabv3plus,50,0.0001,480x480,63,bilateral smooth filter 9 75 75,crop & 2x,7,0.686,0.976,0.806,0.911
Mask RCNN,50,0.0001,480x480,45,bilateral smooth filter 5 50 50,no,5,0.916,0.72,0.806,0.213
BiseNet,50,0.0001,480x480,45,bilateral smooth filter 15 100 100,scale & 2x,5,0.689,0.968,0.805,0.182
Mask RCNN,50,0.0001,480x480,45,adaptive median filter 3,shear & 2x,5,0.924,0.712,0.804,0.103
Mask RCNN,50,0.0001,480x480,45,adaptive median filter 3,zoom in & 2x,5,0.929,0.709,0.804,0.862
FCN,50,0.0001,480x480,63,bilateral smooth filter 9 75 75,crop & 2x,7,0.83,0.778,0.803,0.222
Mask RCNN,50,0.0001,480x480,45,bilateral smooth filter 15 100 100,rotate & flip horizontal vertical & crop & 2x,5,0.921,0.712,0.803,0.176
Mask RCNN,50,0.0001,480x480,63,bilateral smooth filter 9 75 75,contrast enhancement & 2x,5,0.925,0.709,0.803,0.199
UNet,50,0.0001,480x480,63,bilateral smooth filter 9 75 75,crop & 2x,7,0.77,0.836,0.802,0.142
FCN,50,0.0001,480x480,63,bilateral smooth filter 9 75 75,flipHorizontalVertical & 2x,7,0.829,0.773,0.8,0.209
HRNet,50,0.0001,480x480,63,bilateral smooth filter 15 100 100,flipHorizontalVertical & 2x,7,0.858,0.747,0.799,0.507
Mask RCNN,50,0.0001,480x480,45,bilateral smooth filter 9 75 75,rotate & 2x,5,0.935,0.697,0.799,0.094
SegNet,50,0.0001,480x480,45,bilateral smooth filter 15 100 100,translate & 2x,5,0.946,0.691,0.799,0.832
UNet,75,0.0001,480x480,63,gaussian filter,flip horizontal vertical & 2x,7,0.764,0.838,0.799,0.172
BiseNet,50,0.0001,480x480,63,bilateral smooth filter 9 75 75,flipHorizontalVertical & 2x,7,0.73,0.881,0.798,0.264
UNet,75,0.0001,480x480,63,no,flip horizontal vertical & 2x,7,0.838,0.759,0.797,0.13
Mask RCNN,50,0.0001,480x480,63,bilateral smooth filter 15 100 100,gaussian blur & 2x,7,0.795,0.798,0.796,0.071
FCN,50,0.0001,480x480,45,bilateral smooth filter 15 100 100,crop & 2x,5,0.929,0.695,0.795,4.163
UNet,50,0.0001,640x640,63,no,flip horizontal vertical & 2x,7,0.784,0.806,0.795,0.142
Mask RCNN,50,0.0001,480x480,63,adaptive median filter 3,rotate & shear & flip horizontal vertical & brightness & translate & zoom in & 2x,7,0.79,0.799,0.794,0.088
Mask RCNN,50,0.0001,480x480,45,adaptive median filter 3,rotate & flip horizontal vertical & shear & brightness & scale & zoom in & 2x,5,0.933,0.689,0.793,0.976
Mask RCNN,50,0.0001,480x480,45,bilateral smooth filter 9 75 75,gaussian blur & 2x,5,0.942,0.685,0.793,0.104
BiseNet,50,0.0001,480x480,63,bilateral smooth filter 15 100 100,crop & 2x,7,0.762,0.825,0.792,1.857
Mask RCNN,50,0.0001,480x480,63,adaptive median filter 3,translate & 2x,7,0.755,0.832,0.792,0.072
Mask RCNN,50,0.0001,480x480,63,bilateral smooth filter 9 75 75,flip horizontal vertical & 2x,7,0.754,0.834,0.792,0.134
SegNet,50,0.0001,480x480,63,bilateral smooth filter 9 75 75,scale & 2x,7,0.813,0.773,0.792,0.642
DeepLabv3plus,50,0.0001,480x480,63,bilateral smooth filter 15 100 100,crop & 2x,7,0.663,0.98,0.791,2.26
Mask RCNN,50,0.0001,480x480,45,gabor filter,no,5,0.686,0.935,0.791,1.68
Mask RCNN,50,0.0001,480x480,63,bilateral smooth filter 15 100 100,rotate & 2x,7,0.81,0.772,0.791,0.099
UNet,75,0.0001,480x480,45,gaussian filter,flip horizontal vertical & 2x,5,0.696,0.917,0.791,0.186
Mask RCNN,50,0.0001,480x480,63,bilateral smooth filter 9 75 75,rotate & flip horizontal vertical & crop & 2x,7,0.769,0.813,0.79,0.168
FCN,50,0.0001,480x480,63,bilateral smooth filter 15 100 100,scale & 2x,7,0.783,0.795,0.789,0.173
Mask RCNN,50,0.0001,480x480,45,adaptive median filter 5,flip horizontal vertical & 2x,5,0.954,0.673,0.789,0.117
Mask RCNN,50,0.0001,480x480,63,bilateral smooth filter 9 75 75,rotate & 2x,7,0.816,0.764,0.789,0.115
UNet,75,0.0001,480x480,63,no,no,7,0.819,0.761,0.789,4.263
Mask RCNN,75,0.0001,480x480,45,grayscale,no,5,0.755,0.825,0.788,0.159
SegNet,50,0.0001,480x480,63,bilateral smooth filter 9 75 75,flipHorizontalVertical & 2x,7,0.805,0.771,0.788,0.611
UNet,50,0.0001,480x480,63,bilateral smooth filter 15 100 100,crop & 2x,7,0.855,0.73,0.788,3.948
UNet,50,0.0001,480x480,63,bilateral smooth filter 15 100 100,flipHorizontalVertical & 2x,7,0.865,0.724,0.788,0.121
Mask RCNN,50,0.0001,480x480,63,bilateral smooth filter 15 100 100,flip horizontal vertical & 2x,7,0.816,0.76,0.787,0.145
Mask RCNN,50,0.0001,480x480,63,resize 720x720,flip horizontal vertical & 2x,7,0.767,0.808,0.787,0.12
Mask RCNN,75,0.0001,480x480,63,gaussian filter,no,7,0.797,0.777,0.787,0.152
SegNet,50,0.0001,480x480,63,bilateral smooth filter 15 100 100,crop & 2x,7,0.867,0.721,0.787,4.39
UNet,50,0.0001,640x640,63,no,no,7,0.777,0.797,0.787,4.094
UNet,75,0.0001,640x640,63,no,no,7,0.777,0.798,0.787,4.368
UNet,75,0.0001,720x720,45,grayscale,flip horizontal vertical & 2x,5,0.824,0.753,0.787,0.548
Mask RCNN,50,0.0001,480x480,63,bilateral smooth filter 5 50 50,flip horizontal vertical & 2x,7,0.731,0.849,0.786,0.165
UNet,50,0.0001,480x480,45,grayscale,flip horizontal vertical & 2x,5,0.814,0.759,0.786,0.26
Mask RCNN,50,0.0001,480x480,63,bilateral smooth filter 9 75 75,flipHorizontalVertical & 2x,7,0.84,0.736,0.785,0.819
Mask RCNN,50,0.0001,480x480,63,gabor filter,flip horizontal vertical & 2x,7,0.731,0.847,0.785,0.084
UNet,75,0.0001,480x480,63,gaussian filter,no,7,0.802,0.769,0.785,0.15
UNet,75,0.0001,640x640,63,gaussian filter,flip horizontal vertical & 2x,7,0.794,0.777,0.785,0.303
Mask RCNN,50,0.0001,480x480,45,bilateral smooth filter 9 75 75,rotate & flip horizontal vertical & crop & 2x,5,0.933,0.676,0.784,0.206
Mask RCNN,50,0.0001,480x480,45,sharpening,no,5,0.851,0.727,0.784,0.159
Mask RCNN,75,0.0001,720x720,45,gaussian filter,flip horizontal vertical & 2x,5,0.923,0.682,0.784,0.189
Mask RCNN,50,0.0001,720x720,63,no,no,7,0.744,0.827,0.783,1.563
UNet,50,0.0001,480x480,45,gaussian filter,flip horizontal vertical & 2x,5,0.777,0.79,0.783,0.291
Mask RCNN,75,0.0001,480x480,63,gaussian filter,flip horizontal vertical & 2x,7,0.823,0.744,0.782,0.177
Mask RCNN,50,0.0001,480x480,45,bilateral smooth filter 9 75 75,rotate & flip horizontal vertical & shear & brightness & scale & zoom in & 2x,5,0.946,0.663,0.78,0.129
Mask RCNN,50,0.0001,480x480,63,gabor filter,no,7,0.831,0.735,0.78,1.441
Mask RCNN,50,0.0001,480x480,63,resize 640x640 & hair removal & gaussian filter,flip horizontal vertical & 2x,7,0.818,0.745,0.78,0.131
Mask RCNN,50,0.0001,480x480,63,resize 720x720 & hair removal & gaussian filter,no,7,0.802,0.759,0.78,0.142
Mask RCNN,75,0.0001,480x480,63,no,no,7,0.779,0.782,0.78,0.758
HRNet,50,0.0001,480x480,45,bilateral smooth filter 15 100 100,crop & 2x,5,0.863,0.709,0.778,5.072
Mask RCNN,50,0.001,480x480,45,grayscale,no,5,0.845,0.719,0.777,0.101
Mask RCNN,75,0.0001,480x480,45,grayscale,flip horizontal vertical & 2x,5,0.713,0.853,0.777,0.165
SegNet,50,0.0001,480x480,63,bilateral smooth filter 15 100 100,flipHorizontalVertical & 2x,7,0.875,0.699,0.777,0.593
Mask RCNN,50,0.0001,480x480,45,resize 640x640 & adaptive median filter 3 & grayscale,no,5,0.742,0.814,0.776,1.029
UNet,75,0.0001,720x720,63,gaussian filter,no,7,0.776,0.776,0.776,0.145
BiseNet,50,0.0001,480x480,63,bilateral smooth filter 9 75 75,crop & 2x,7,0.729,0.827,0.775,0.254
Mask RCNN,50,0.0001,480x480,63,adaptive median filter 7,flip horizontal vertical & 2x,7,0.84,0.72,0.775,0.103
Mask RCNN,50,0.0001,640x640,63,no,flip horizontal vertical & 2x,7,0.798,0.754,0.775,0.09
Mask RCNN,50,0.0001,480x480,45,grayscale & sharpening & adaptive median filter 3 & bilateral smooth filter 9 75 75,no,5,0.699,0.868,0.774,1.188
UNet,75,0.0001,640x640,63,no,flip horizontal vertical & 2x,7,0.859,0.704,0.774,0.247
Mask RCNN,50,0.0001,480x480,45,resize 480x480 & adaptive median filter 5 & grayscale,flip horizontal vertical & 2x,5,0.751,0.797,0.773,0.102
Mask RCNN,75,0.0001,720x720,63,gaussian filter,flip horizontal vertical & 2x,7,0.811,0.739,0.773,0.145
Mask RCNN,50,0.0001,480x480,45,adaptive median filter 3,crop & 2x,5,0.932,0.659,0.772,0.875
Mask RCNN,50,0.0001,480x480,63,adaptive median filter 3,rotate & flip horizontal vertical & crop & 2x,7,0.844,0.711,0.772,0.102
HRNet,50,0.0001,480x480,63,bilateral smooth filter 9 75 75,flipHorizontalVertical & 2x,7,0.705,0.846,0.769,0.21
Mask RCNN,50,0.0001,480x480,45,grayscale & sharpening & adaptive median filter 3 & bilateral smooth filter 5 50 50,flip horizontal vertical & 2x,5,0.796,0.743,0.769,0.221
Mask RCNN,50,0.0001,640x640,45,grayscale,no,5,0.791,0.748,0.769,0.185
UNet,75,0.0001,480x480,45,grayscale,no,5,0.837,0.711,0.769,0.131
UNet,75,0.0001,720x720,63,no,flip horizontal vertical & 2x,7,0.828,0.717,0.769,6.161
Mask RCNN,50,0.0001,480x480,45,resize 640x640 & adaptive median filter 5 & grayscale,no,5,0.716,0.827,0.768,0.273
Mask RCNN,50,0.0001,480x480,63,dilation,flip horizontal vertical & 2x,7,0.829,0.716,0.768,0.198
Mask RCNN,50,0.0001,480x480,63,adaptive median filter 3,flip horizontal vertical & 2x,7,0.776,0.758,0.767,0.077
Mask RCNN,50,0.0001,480x480,63,bilateral smooth filter 15 100 100,rotate & flip horizontal vertical & brightness & gaussian blur & contrast enhancement & sharp & 2x,7,0.7,0.847,0.767,0.124
Mask RCNN,75,0.0001,640x640,45,grayscale,no,5,0.828,0.714,0.767,0.257
Mask RCNN,50,0.0001,480x480,45,resize 720x720 & adaptive median filter 3 & grayscale,no,5,0.72,0.818,0.766,1.343
Mask RCNN,50,0.0001,480x480,63,bilateral smooth filter 15 100 100,rotate & flip horizontal vertical & crop & 2x,7,0.837,0.706,0.766,0.133
UNet,50,0.0001,480x480,63,no,no,7,0.797,0.738,0.766,6.005
FCN,50,0.0001,480x480,63,bilateral smooth filter 9 75 75,translate & 2x,7,0.847,0.698,0.765,0.251
HRNet,50,0.0001,480x480,63,bilateral smooth filter 9 75 75,crop & 2x,7,0.74,0.791,0.765,7.385
Mask RCNN,50,0.0001,480x480,63,bilateral smooth filter 9 75 75,rotate & flip horizontal vertical & brightness & gaussian blur & contrast enhancement & sharp & 2x,7,0.815,0.72,0.765,0.151
Mask RCNN,75,0.0001,720x720,45,grayscale,flip horizontal vertical & 2x,5,0.751,0.779,0.765,0.177
Mask RCNN,50,0.0001,480x480,45,adaptive median filter 3,rotate & shear & flip horizontal vertical & brightness & translate & zoom in & 2x,5,0.929,0.649,0.764,0.098
Mask RCNN,50,0.0001,480x480,45,resize 640x640 & gaussian filter,flip horizontal vertical & 2x,5,0.95,0.639,0.764,0.115
Mask RCNN,50,0.0001,480x480,63,bilateral smooth filter 9 75 75,gaussian blur & 2x,7,0.837,0.702,0.764,0.122
SegNet,50,0.0001,480x480,63,bilateral smooth filter 9 75 75,crop & 2x,7,0.644,0.938,0.764,0.606
YOLOv8n,50,0.0001,720x720,45,grayscale,no,5,0.76,0.768,0.764,1.163
FCN,50,0.0001,480x480,63,bilateral smooth filter 9 75 75,scale & 2x,7,0.672,0.882,0.763,0.228
Mask RCNN,75,0.0001,640x640,45,grayscale,flip horizontal vertical & 2x,5,0.7,0.837,0.762,0.273
UNet,75,0.0001,640x640,45,grayscale,flip horizontal vertical & 2x,5,0.777,0.747,0.762,0.258
Mask RCNN,50,0.0001,480x480,45,grayscale,flip horizontal vertical & 2x,5,0.661,0.894,0.76,0.133
Mask RCNN,50,0.0001,480x480,45,grayscale & sharpening & adaptive median filter 3 & bilateral smooth filter 5 50 50,no,5,0.703,0.827,0.76,0.208
UNet,50,0.0001,480x480,63,bilateral smooth filter 9 75 75,scale & 2x,7,0.836,0.696,0.76,0.126
UNet,50,0.0001,640x640,63,gaussian filter,flip horizontal vertical & 2x,7,0.832,0.7,0.76,0.17
UNet,75,0.0001,480x480,63,grayscale,flip horizontal vertical & 2x,7,0.804,0.72,0.76,0.142
Mask RCNN,50,0.0001,480x480,63,bilateral smooth filter 9 75 75,crop & rotate & brightness & scale & translate & 2x,7,0.833,0.697,0.759,0.16
Mask RCNN,75,0.0001,720x720,45,grayscale,no,5,0.73,0.79,0.759,0.136
UNet,50,0.0001,640x640,45,no,flip horizontal vertical & 2x,5,0.937,0.638,0.759,0.144
UNet,75,0.0001,640x640,45,grayscale,no,5,0.835,0.696,0.759,0.277
Mask RCNN,50,0.0001,480x480,63,no,no,7,0.789,0.73,0.758,0.753
UNet,75,0.0001,480x480,45,gaussian filter & grayscale,flip horizontal vertical & 2x,5,0.726,0.793,0.758,0.189
HRNet,50,0.0001,480x480,45,bilateral smooth filter 9 75 75,scale & 2x,5,0.888,0.66,0.757,4.731
Mask RCNN,50,0.0001,480x480,45,grayscale & sharpening & adaptive median filter 5 & bilateral smooth filter 5 50 50,no,5,0.792,0.725,0.757,0.223
Mask RCNN,50,0.0001,480x480,63,adaptive median filter 3,crop & 2x,7,0.845,0.685,0.757,0.743
UNet,75,0.0001,720x720,45,grayscale,no,5,0.722,0.795,0.757,0.451
Mask RCNN,50,0.0001,480x480,45,grayscale & sharpening & adaptive median filter 5 & bilateral smooth filter 5 50 50,flip horizontal vertical & 2x,5,0.834,0.691,0.756,0.223
Mask RCNN,50,0.0001,480x480,45,resize 640x640 & hair removal & gaussian filter,no,5,0.902,0.651,0.756,0.164
PSPNet,50,0.0001,480x480,63,bilateral smooth filter 15 100 100,crop & 2x,7,0.618,0.973,0.756,0.797
Mask RCNN,50,0.0001,480x480,45,adaptive median filter 3 & gaussian filter & contrast enhancement,no,5,0.635,0.93,0.755,0.834
YOLOv8n,50,0.0001,720x720,45,no,flip horizontal vertical & 2x,5,0.807,0.71,0.755,1.131
Mask RCNN,50,0.0001,480x480,45,resize 640x640 & adaptive median filter 3 & grayscale,flip horizontal vertical & 2x,5,0.793,0.719,0.754,0.099
UNet,50,0.0001,640x640,45,grayscale,no,5,0.685,0.838,0.754,0.138
Mask RCNN,50,0.0001,480x480,45,color histogram,flip horizontal vertical & 2x,5,0.825,0.693,0.753,0.23
FCN,50,0.0001,480x480,45,bilateral smooth filter 9 75 75,flip horizontal vertical & 2x,5,0.967,0.615,0.752,0.262
Mask RCNN,50,0.0001,480x480,45,adaptive median filter 5 & gaussian filter & contrast enhancement,flip horizontal vertical & 2x,5,0.637,0.917,0.752,0.116
Mask RCNN,50,0.0001,480x480,45,resize 720x720 & adaptive median filter 7 & grayscale,flip horizontal vertical & 2x,5,0.709,0.8,0.752,0.295
Mask RCNN,75,0.0001,640x640,63,gaussian filter,flip horizontal vertical & 2x,7,0.802,0.708,0.752,0.084
YOLOv8n,50,0.0001,720x720,45,no,no,5,0.8,0.71,0.752,1.18
Mask RCNN,50,0.0001,480x480,45,resize 640x640 & adaptive median filter 7 & grayscale,flip horizontal vertical & 2x,5,0.69,0.823,0.751,0.166
Mask RCNN,50,0.0001,480x480,45,resize 640x640 & gaussian filter,no,5,0.661,0.863,0.749,0.109
Mask RCNN,50,0.0001,480x480,45,resize 720x720,flip horizontal vertical & 2x,5,0.941,0.622,0.749,0.135
Mask RCNN,50,0.0001,480x480,45,bilateral smooth filter 15 100 100,gaussian blur & 2x,5,0.944,0.619,0.748,0.115
Mask RCNN,50,0.0001,480x480,63,bilateral smooth filter 15 100 100,translate & 2x,7,0.843,0.673,0.748,0.095
SegNet,50,0.0001,480x480,63,bilateral smooth filter 9 75 75,translate & 2x,7,0.842,0.673,0.748,0.623
YOLOv8n,75,0.0001,640x640,45,no,flip horizontal vertical & 2x,5,0.76,0.736,0.748,1.157
Mask RCNN,50,0.0001,480x480,63,bilateral smooth filter 15 100 100,rotate & flip horizontal vertical & shear & brightness & scale & zoom in & 2x,7,0.861,0.659,0.747,0.086
Mask RCNN,50,0.0001,480x480,45,resize 720x720 & adaptive median filter 5 & grayscale,flip horizontal vertical & 2x,5,0.847,0.667,0.746,0.12
Mask RCNN,50,0.0001,480x480,63,adaptive median filter 3,shear & 2x,7,0.856,0.661,0.746,0.72
Mask RCNN,75,0.0001,640x640,45,gaussian filter & grayscale,flip horizontal vertical & 2x,5,0.767,0.726,0.746,0.325
UNet,50,0.0001,640x640,45,gaussian filter,flip horizontal vertical & 2x,5,0.874,0.651,0.746,0.195
Mask RCNN,50,0.0001,480x480,63,resize 640x640 & hair removal & gaussian filter,no,7,0.853,0.661,0.745,0.131
YOLOv8n,75,0.0001,640x640,45,grayscale,flip horizontal vertical & 2x,5,0.824,0.679,0.745,1.099
Mask RCNN,50,0.0001,480x480,45,resize 480x480 & adaptive median filter 5 & grayscale,no,5,0.638,0.893,0.744,1.045
UNet,50,0.0001,720x720,45,gaussian filter,flip horizontal vertical & 2x,5,0.93,0.62,0.744,0.323
BiseNet,50,0.0001,480x480,63,bilateral smooth filter 15 100 100,translate & 2x,7,0.626,0.913,0.743,0.185
Mask RCNN,50,0.0001,480x480,45,bilateral smooth filter 9 75 75,no,5,0.949,0.611,0.743,0.167
Mask RCNN,50,0.0001,480x480,63,bilateral smooth filter 15 100 100,zoom in & 2x,7,0.841,0.665,0.743,0.105
Mask RCNN,50,0.0001,720x720,45,grayscale,no,5,0.672,0.831,0.743,0.299
UNet,50,0.0001,640x640,45,grayscale,flip horizontal vertical & 2x,5,0.868,0.65,0.743,0.149
Mask RCNN,50,0.0001,480x480,45,erosion,flip horizontal vertical & 2x,5,0.943,0.612,0.742,0.315
Mask RCNN,50,0.0001,480x480,45,resize 720x720 & adaptive median filter 3 & grayscale,flip horizontal vertical & 2x,5,0.851,0.658,0.742,0.1
Mask RCNN,50,0.0001,480x480,63,color histogram,flip horizontal vertical & 2x,7,0.836,0.665,0.741,0.183
Mask RCNN,50,0.0001,480x480,63,resize 480x480,no,7,0.828,0.67,0.741,0.805
Mask RCNN,50,0.0001,480x480,63,resize 720x720 & gaussian filter,flip horizontal vertical & 2x,7,0.933,0.615,0.741,0.105
Mask RCNN,75,0.0001,720x720,63,no,flip horizontal vertical & 2x,7,0.866,0.647,0.741,0.129
Mask RCNN,75,0.0001,720x720,63,no,no,7,0.83,0.67,0.741,1.453
UNet,50,0.0001,480x480,45,bilateral smooth filter 15 100 100,flip horizontal vertical & 2x,5,0.954,0.606,0.741,0.121
UNet,75,0.0001,720x720,63,gaussian filter,flip horizontal vertical & 2x,7,0.873,0.643,0.741,0.161
Mask RCNN,50,0.0001,480x480,63,adaptive median filter 3,zoom in & 2x,7,0.829,0.668,0.74,0.771
Mask RCNN,50,0.0001,480x480,63,bilateral smooth filter 5 50 50,no,7,0.837,0.663,0.74,0.153
SegNet,50,0.0001,480x480,63,bilateral smooth filter 15 100 100,scale & 2x,7,0.714,0.768,0.74,0.642
UNet,50,0.0001,720x720,45,grayscale,no,5,0.755,0.724,0.739,0.251
Mask RCNN,50,0.0001,480x480,45,grayscale & sharpening & adaptive median filter 3 & bilateral smooth filter 9 75 75,flip horizontal vertical & 2x,5,0.609,0.937,0.738,1.07
Mask RCNN,75,0.0001,480x480,63,no,flip horizontal vertical & 2x,7,0.871,0.64,0.738,0.133
PSPNet,50,0.0001,480x480,63,bilateral smooth filter 9 75 75,crop & 2x,7,0.592,0.978,0.738,0.617
YOLOv8n,75,0.0001,640x640,45,grayscale,no,5,0.751,0.725,0.738,1.116
HRNet,50,0.0001,480x480,45,bilateral smooth filter 9 75 75,flip horizontal vertical & 2x,5,0.588,0.988,0.737,1.105
Mask RCNN,50,0.0001,480x480,63,erosion,no,7,0.824,0.666,0.737,0.231
Mask RCNN,50,0.0001,480x480,63,resize 480x480 & gaussian filter,flip horizontal vertical & 2x,7,0.812,0.675,0.737,0.084
Mask RCNN,50,0.0001,480x480,63,resize 640x640 & gaussian filter,no,7,0.811,0.675,0.737,0.09
YOLOv8n,50,0.0001,640x640,45,gaussian filter,flip horizontal vertical & 2x,5,0.835,0.66,0.737,1.096
Mask RCNN,50,0.0001,480x480,63,bilateral smooth filter 15 100 100,crop & rotate & brightness & scale & translate & 2x,7,0.822,0.663,0.734,0.118
Mask RCNN,50,0.0001,480x480,63,resize 480x480 & hair removal & gaussian filter,no,7,0.812,0.669,0.734,0.117
Mask RCNN,50,0.0001,720x720,45,grayscale,flip horizontal vertical & 2x,5,0.858,0.642,0.734,0.364
Mask RCNN,50,0.0001,480x480,63,dilation,no,7,0.845,0.645,0.732,0.198
Mask RCNN,50,0.0001,480x480,45,resize 480x480 & hair removal & gaussian filter,no,5,0.929,0.603,0.731,0.146
Mask RCNN,50,0.0001,480x480,63,sharpening,flip horizontal vertical & 2x,7,0.898,0.616,0.731,0.127
Mask RCNN,50,0.0001,480x480,45,bilateral smooth filter 15 100 100,sharp & 2x,5,0.599,0.935,0.73,0.109
Mask RCNN,50,0.0001,480x480,63,adaptive median filter 3,no,7,0.833,0.649,0.73,0.762
UNet,75,0.0001,480x480,45,grayscale,flip horizontal vertical & 2x,5,0.6,0.931,0.73,0.142
Mask RCNN,50,0.0001,480x480,63,bilateral smooth filter 9 75 75,shear & 2x,7,0.861,0.632,0.729,0.127
UNet,50,0.0001,480x480,63,gaussian filter,flip horizontal vertical & 2x,7,0.807,0.665,0.729,0.267
Mask RCNN,50,0.0001,480x480,63,bilateral smooth filter 9 75 75,no,7,0.86,0.63,0.727,0.127
Mask RCNN,50,0.0001,480x480,45,adaptive median filter 3 & gaussian filter & contrast enhancement,flip horizontal vertical & 2x,5,0.593,0.932,0.725,0.098
Mask RCNN,50,0.0001,480x480,45,resize 480x480 & adaptive median filter 3 & grayscale,flip horizontal vertical & 2x,5,0.869,0.622,0.725,0.253
Mask RCNN,50,0.0001,480x480,63,bilateral smooth filter 9 75 75,rotate & flip horizontal vertical & shear & brightness & scale & zoom in & 2x,7,0.89,0.612,0.725,0.109
Mask RCNN,75,0.0001,640x640,63,no,no,7,0.84,0.637,0.725,1.275
Mask RCNN,50,0.0001,640x640,63,no,no,7,0.846,0.632,0.724,1.388
UNet,50,0.0001,480x480,45,grayscale,no,5,0.59,0.936,0.724,0.252
UNet,75,0.0001,720x720,63,no,no,7,0.848,0.632,0.724,0.406
YOLOv8n,50,0.0001,640x640,63,no,flip horizontal vertical & 2x,7,0.795,0.665,0.724,0.838
Mask RCNN,50,0.0001,480x480,45,contrast enhancement,no,5,0.826,0.643,0.723,0.255
Mask RCNN,50,0.0001,640x640,45,grayscale,flip horizontal vertical & 2x,5,0.885,0.611,0.723,0.211
Mask RCNN,75,0.0001,480x480,63,grayscale,flip horizontal vertical & 2x,7,0.611,0.885,0.723,0.142
YOLOv8n,50,0.0001,640x640,45,no,flip horizontal vertical & 2x,5,0.789,0.667,0.723,1.18
YOLOv8n,75,0.0001,720x720,45,gaussian filter,flip horizontal vertical & 2x,5,0.752,0.696,0.723,1.1
Mask RCNN,50,0.0001,480x480,63,bilateral smooth filter 15 100 100,brightness & 2x,7,0.85,0.628,0.722,0.749
Mask RCNN,50,0.0001,480x480,63,adaptive median filter 3,rotate & 2x,7,0.869,0.615,0.72,0.692
Mask RCNN,50,0.0001,480x480,63,color histogram,no,7,0.822,0.641,0.72,0.175
Mask RCNN,50,0.0001,480x480,63,resize 640x640 & gaussian filter,flip horizontal vertical & 2x,7,0.909,0.596,0.72,0.091
Mask RCNN,50,0.0001,480x480,45,bilateral smooth filter 15 100 100,rotate & flip horizontal vertical & shear & brightness & scale & zoom in & 2x,5,0.95,0.578,0.719,0.118
Mask RCNN,50,0.0001,480x480,63,contrast enhancement,flip horizontal vertical & 2x,7,0.844,0.624,0.718,0.185
UNet,50,0.0001,640x640,63,gaussian filter,no,7,0.683,0.754,0.717,0.161
Mask RCNN,50,0.0001,480x480,63,bilateral smooth filter 9 75 75,translate & 2x,7,0.867,0.61,0.716,0.123
HRNet,50,0.0001,480x480,63,bilateral smooth filter 9 75 75,scale & 2x,7,0.577,0.939,0.715,0.24
UNet,75,0.0001,640x640,63,grayscale,flip horizontal vertical & 2x,7,0.803,0.645,0.715,0.245
YOLOv8n,75,0.0001,720x720,63,no,flip horizontal vertical & 2x,7,0.744,0.688,0.715,0.826
Mask RCNN,50,0.0001,480x480,45,hair removal,no,5,0.92,0.584,0.714,0.301
UNet,50,0.0001,480x480,63,bilateral smooth filter 9 75 75,flipHorizontalVertical & 2x,7,0.878,0.602,0.714,0.128
BiseNet,50,0.0001,480x480,63,bilateral smooth filter 9 75 75,translate & 2x,7,0.583,0.919,0.713,0.283
Mask RCNN,50,0.0001,480x480,45,color histogram,no,5,0.66,0.776,0.713,0.225
Mask RCNN,50,0.0001,480x480,63,bilateral smooth filter 9 75 75,brightness & 2x,7,0.85,0.614,0.713,0.119
Mask RCNN,50,0.0001,480x480,63,resize 640x640,flip horizontal vertical & 2x,7,0.868,0.605,0.713,0.093
Mask RCNN,50,0.0001,480x480,63,resize 480x480 & hair removal & gaussian filter,flip horizontal vertical & 2x,7,0.865,0.604,0.711,0.115
YOLOv8n,50,0.0001,480x480,45,bilateral smooth filter 15 100 100,scale & 2x,5,0.727,0.695,0.711,1.361
Mask RCNN,50,0.0001,480x480,63,bilateral smooth filter 15 100 100,flipHorizontalVertical & 2x,7,0.869,0.6,0.71,0.096
Mask RCNN,50,0.0001,480x480,63,adaptive median filter 3,flipHorizontalVertical & 2x,7,0.871,0.596,0.708,0.75
Mask RCNN,50,0.0001,480x480,63,hair removal,flip horizontal vertical & 2x,7,0.862,0.601,0.708,0.228
FCN,50,0.0001,480x480,63,bilateral smooth filter 15 100 100,flipHorizontalVertical & 2x,7,0.899,0.583,0.707,0.171
FCN,50,0.0001,480x480,63,bilateral smooth filter 15 100 100,translate & 2x,7,0.863,0.599,0.707,0.181
Mask RCNN,50,0.0001,480x480,45,gaussian filter & grayscale,flip horizontal vertical & 2x,5,0.61,0.841,0.707,0.153
YOLOv8n,50,0.0001,720x720,45,gaussian filter,flip horizontal vertical & 2x,5,0.753,0.667,0.707,1.125
YOLOv8n,75,0.0001,640x640,63,no,no,7,0.679,0.737,0.707,0.844
Mask RCNN,50,0.0001,480x480,45,contrast enhancement,flip horizontal vertical & 2x,5,0.905,0.579,0.706,0.249
Mask RCNN,75,0.0001,640x640,63,no,flip horizontal vertical & 2x,7,0.869,0.594,0.706,0.212
Mask RCNN,50,0.0001,480x480,63,bilateral smooth filter 15 100 100,rotate & shear & flip horizontal vertical & brightness & translate & zoom in & 2x,7,0.881,0.588,0.705,0.127
Mask RCNN,50,0.0001,480x480,63,bilateral smooth filter 15 100 100,sharp & 2x,5,0.553,0.969,0.704,0.12
Mask RCNN,75,0.0001,720x720,63,gaussian filter,no,7,0.848,0.602,0.704,0.161
Mask RCNN,50,0.0001,480x480,63,hair removal,no,7,0.853,0.596,0.702,0.227
Mask RCNN,50,0.0001,480x480,63,resize 720x720 & adaptive median filter 5 & grayscale,flip horizontal vertical & 2x,7,0.651,0.759,0.701,0.096
UNet,75,0.0001,720x720,45,gaussian filter,flip horizontal vertical & 2x,5,0.942,0.558,0.701,0.171
YOLOv8n,75,0.0001,720x720,63,no,no,7,0.766,0.646,0.701,0.855
Mask RCNN,50,0.0001,480x480,45,dilation,flip horizontal vertical & 2x,5,0.967,0.549,0.7,0.263
Mask RCNN,50,0.0001,480x480,63,adaptive median filter 5,flip horizontal vertical & 2x,7,0.877,0.583,0.7,0.09
Mask RCNN,50,0.0001,480x480,45,sharpening,flip horizontal vertical & 2x,5,0.941,0.556,0.699,0.164
Mask RCNN,50,0.0001,720x720,63,gaussian filter,flip horizontal vertical & 2x,7,0.766,0.641,0.698,0.113
Mask RCNN,50,0.0001,480x480,45,resize 480x480 & gaussian filter,flip horizontal vertical & 2x,5,0.928,0.558,0.697,0.097
Mask RCNN,50,0.0001,640x640,63,gaussian filter,flip horizontal vertical & 2x,7,0.885,0.574,0.696,0.185
UNet,50,0.0001,480x480,63,bilateral smooth filter 9 75 75,translate & 2x,7,0.871,0.58,0.696,0.131
UNet,75,0.0001,480x480,63,grayscale,no,7,0.633,0.773,0.696,0.128
Mask RCNN,50,0.0001,480x480,63,adaptive median filter 5,no,7,0.872,0.578,0.695,0.089
Mask RCNN,50,0.0001,480x480,63,contrast enhancement,no,7,0.796,0.614,0.693,0.184
YOLOv8n,75,0.0001,640x640,63,no,flip horizontal vertical & 2x,7,0.735,0.655,0.693,0.813
Mask RCNN,50,0.0001,480x480,63,bilateral smooth filter 9 75 75,rotate & shear & flip horizontal vertical & brightness & translate & zoom in & 2x,7,0.879,0.57,0.692,0.154
Mask RCNN,50,0.0001,480x480,63,resize 480x480 & gaussian filter,no,7,0.82,0.599,0.692,0.95
Mask RCNN,75,0.0001,480x480,45,gaussian filter & grayscale,flip horizontal vertical & 2x,5,0.554,0.921,0.692,0.207
YOLOv8n,75,0.0001,720x720,45,grayscale,no,5,0.802,0.609,0.692,1.105
UNet,50,0.0001,480x480,63,no,flip horizontal vertical & 2x,7,0.882,0.567,0.69,0.214
Mask RCNN,50,0.0001,480x480,63,resize 480x480 & adaptive median filter 5 & grayscale,flip horizontal vertical & 2x,7,0.602,0.805,0.689,0.081
YOLOv8n,75,0.0001,720x720,45,no,flip horizontal vertical & 2x,5,0.731,0.652,0.689,1.112
Mask RCNN,50,0.0001,480x480,63,adaptive median filter 5 & gaussian filter & contrast enhancement,flip horizontal vertical & 2x,7,0.848,0.579,0.688,0.106
YOLOv8n,50,0.0001,720x720,63,gaussian filter,no,7,0.775,0.618,0.688,0.812
Mask RCNN,50,0.0001,480x480,63,adaptive median filter 3,rotate & flip horizontal vertical & shear & brightness & scale & zoom in & 2x,7,0.896,0.556,0.686,0.775
Mask RCNN,50,0.0001,480x480,63,adaptive median filter 7 & gaussian filter & contrast enhancement,no,7,0.772,0.618,0.686,0.1
YOLOv8n,75,0.0001,720x720,45,grayscale,flip horizontal vertical & 2x,5,0.763,0.623,0.686,1.081
UNet,50,0.0001,720x720,63,no,flip horizontal vertical & 2x,7,0.87,0.565,0.685,0.22
Mask RCNN,50,0.0001,480x480,63,resize 640x640 & adaptive median filter 3 & grayscale,flip horizontal vertical & 2x,7,0.587,0.819,0.684,1.125
Mask RCNN,50,0.0001,480x480,63,adaptive median filter 3 & gaussian filter & contrast enhancement,no,7,0.849,0.571,0.683,0.776
UNet,50,0.0001,720x720,63,gaussian filter,no,7,0.841,0.575,0.683,0.294
UNet,50,0.0001,480x480,63,bilateral smooth filter 15 100 100,scale & 2x,7,0.541,0.922,0.682,4.031
UNet,50,0.0001,480x480,63,bilateral smooth filter 15 100 100,translate & 2x,7,0.867,0.562,0.682,4.033
Mask RCNN,50,0.0001,480x480,45,grayscale & sharpening & adaptive median filter 7 & bilateral smooth filter 9 75 75,flip horizontal vertical & 2x,5,0.55,0.894,0.681,0.131
Mask RCNN,75,0.0001,480x480,63,grayscale,no,7,0.551,0.889,0.68,0.128
UNet,50,0.0001,720x720,63,gaussian filter,flip horizontal vertical & 2x,7,0.862,0.562,0.68,0.268
UNet,50,0.0001,480x480,63,gaussian filter,no,7,0.852,0.565,0.679,0.256
UNet,50,0.0001,720x720,63,grayscale,flip horizontal vertical & 2x,7,0.616,0.755,0.678,0.228
Mask RCNN,50,0.0001,480x480,63,sharpening,no,7,0.884,0.549,0.677,0.121
Mask RCNN,50,0.0001,640x640,63,gaussian filter,no,7,0.727,0.634,0.677,0.175
YOLOv8n,50,0.0001,720x720,63,gaussian filter,flip horizontal vertical & 2x,7,0.79,0.592,0.677,0.866
YOLOv8n,50,0.0001,720x720,63,no,no,7,0.73,0.632,0.677,0.864
YOLOv8n,75,0.0001,480x480,45,grayscale,flip horizontal vertical & 2x,5,0.788,0.594,0.677,1.111
Mask RCNN,75,0.0001,640x640,63,grayscale,no,7,0.614,0.752,0.676,0.212
Mask RCNN,75,0.0001,720x720,63,grayscale,no,7,0.633,0.725,0.676,0.122
YOLOv8n,50,0.0001,720x720,63,grayscale,no,7,0.727,0.632,0.676,0.84
YOLOv8n,75,0.0001,720x720,63,grayscale,no,7,0.745,0.618,0.676,0.834
Mask RCNN,50,0.0001,480x480,63,resize 720x720 & gaussian filter,no,7,0.849,0.56,0.675,0.103
Mask RCNN,50,0.0001,640x640,63,grayscale,flip horizontal vertical & 2x,7,0.622,0.738,0.675,0.158
YOLOv8n,75,0.0001,640x640,45,gaussian filter,flip horizontal vertical & 2x,5,0.683,0.667,0.675,1.085
Mask RCNN,50,0.0001,480x480,63,grayscale & sharpening & adaptive median filter 3 & bilateral smooth filter 5 50 50,flip horizontal vertical & 2x,7,0.617,0.742,0.674,0.153
YOLOv8n,50,0.0001,480x480,45,bilateral smooth filter 15 100 100,flip horizontal vertical & 2x,5,0.803,0.58,0.674,1.207
YOLOv8n,75,0.0001,640x640,45,no,no,5,0.702,0.648,0.674,1.072
Mask RCNN,50,0.0001,480x480,63,resize 720x720 & adaptive median filter 3 & grayscale,flip horizontal vertical & 2x,7,0.578,0.805,0.673,0.074
Mask RCNN,50,0.0001,480x480,63,resize 720x720 & adaptive median filter 5 & grayscale,no,7,0.643,0.706,0.673,0.091
YOLOv8n,75,0.0001,720x720,45,no,no,5,0.8,0.581,0.673,1.137
Mask RCNN,50,0.0001,480x480,63,resize 640x640 & adaptive median filter 5 & grayscale,flip horizontal vertical & 2x,7,0.568,0.823,0.672,0.208
Mask RCNN,50,0.0001,480x480,45,grayscale & sharpening & adaptive median filter 5 & bilateral smooth filter 9 75 75,flip horizontal vertical & 2x,5,0.524,0.933,0.671,0.109
YOLOv8n,50,0.0001,480x480,63,bilateral smooth filter 9 75 75,translate & 2x,7,0.775,0.592,0.671,0.907
YOLOv8n,50,0.0001,640x640,63,no,no,7,0.716,0.632,0.671,0.828
Mask RCNN,50,0.0001,480x480,63,adaptive median filter 3,crop & rotate & brightness & scale & translate & 2x,7,0.889,0.538,0.67,0.746
Mask RCNN,50,0.0001,480x480,63,erosion & dilation & gabor filter & gaussian filter,flip horizontal vertical & 2x,7,0.678,0.663,0.67,0.082
YOLOv8n,75,0.0001,720x720,45,gaussian filter & grayscale,no,5,0.689,0.652,0.67,1.253
Mask RCNN,50,0.0001,480x480,63,bilateral smooth filter 15 100 100,no,7,0.883,0.539,0.669,0.141
Mask RCNN,50,0.0001,720x720,63,gaussian filter,no,7,0.805,0.572,0.669,0.104
UNet,75,0.0001,640x640,63,gaussian filter,no,7,0.935,0.52,0.668,0.301
UNet,50,0.0001,480x480,63,grayscale,flip horizontal vertical & 2x,7,0.64,0.696,0.667,0.208
Mask RCNN,50,0.0001,480x480,45,grayscale & sharpening & adaptive median filter 7 & bilateral smooth filter 5 50 50,no,5,0.523,0.918,0.666,0.235
Mask RCNN,50,0.0001,480x480,63,grayscale & sharpening & adaptive median filter 3 & bilateral smooth filter 9 75 75,no,7,0.559,0.82,0.665,0.964
Mask RCNN,50,0.0001,480x480,63,resize 480x480 & adaptive median filter 3 & grayscale,flip horizontal vertical & 2x,7,0.561,0.815,0.665,0.194
Mask RCNN,50,0.0001,480x480,63,resize 640x640 & adaptive median filter 3 & grayscale,no,7,0.58,0.78,0.665,1.269
YOLOv8n,50,0.0001,480x480,45,no,no,5,0.714,0.623,0.665,1.454
YOLOv8n,75,0.0001,480x480,45,gaussian filter,flip horizontal vertical & 2x,5,0.754,0.594,0.665,1.073
Mask RCNN,50,0.0001,480x480,63,grayscale & sharpening & adaptive median filter 5 & bilateral smooth filter 5 50 50,flip horizontal vertical & 2x,7,0.566,0.803,0.664,0.168
Mask RCNN,75,0.0001,640x640,63,grayscale,flip horizontal vertical & 2x,7,0.67,0.658,0.664,0.211
UNet,50,0.0001,720x720,45,grayscale,flip horizontal vertical & 2x,5,0.515,0.934,0.664,0.305
YOLOv8n,50,0.0001,720x720,45,grayscale,flip horizontal vertical & 2x,5,0.726,0.609,0.662,1.115
Mask RCNN,50,0.0001,480x480,45,erosion & dilation & gabor filter & gaussian filter,no,5,0.5,0.974,0.661,1.195
Mask RCNN,50,0.0001,480x480,63,grayscale & sharpening & adaptive median filter 3 & bilateral smooth filter 5 50 50,no,7,0.608,0.725,0.661,0.149
UNet,50,0.0001,480x480,63,grayscale,no,7,0.542,0.846,0.661,0.211
YOLOv8n,75,0.0001,480x480,45,grayscale,no,5,0.797,0.565,0.661,1.211
YOLOv8n,75,0.0001,720x720,63,gaussian filter,no,7,0.659,0.66,0.659,0.892
Mask RCNN,50,0.0001,480x480,63,bilateral smooth filter 9 75 75,crop & 2x,7,0.894,0.52,0.658,0.113
YOLOv8n,50,0.0001,720x720,63,grayscale,flip horizontal vertical & 2x,7,0.703,0.618,0.658,0.838
Mask RCNN,50,0.0001,480x480,63,grayscale & sharpening & adaptive median filter 5 & bilateral smooth filter 9 75 75,flip horizontal vertical & 2x,7,0.545,0.826,0.657,0.088
Mask RCNN,50,0.0001,480x480,63,resize 480x480,flip horizontal vertical & 2x,7,0.884,0.523,0.657,0.077
YOLOv8n,50,0.0001,640x640,45,no,no,5,0.648,0.666,0.657,1.14
Mask RCNN,50,0.0001,480x480,63,bilateral smooth filter 15 100 100,shear & 2x,7,0.902,0.515,0.656,0.076
Mask RCNN,50,0.0001,480x480,63,resize 640x640,no,7,0.877,0.524,0.656,0.092
Mask RCNN,50,0.0001,480x480,63,adaptive median filter 3,rotate & flip horizontal vertical & brightness & gaussian blur & contrast enhancement & sharp & 2x,7,0.883,0.521,0.655,0.085
YOLOv8n,50,0.0001,480x480,45,bilateral smooth filter 9 75 75,translate & 2x,5,0.708,0.609,0.655,1.202
YOLOv8n,50,0.0001,480x480,63,bilateral smooth filter 15 100 100,scale & 2x,7,0.733,0.592,0.655,0.911
Mask RCNN,50,0.0001,480x480,45,resize 480x480 & adaptive median filter 3 & grayscale,no,5,0.931,0.504,0.654,0.254
UNet,50,0.0001,720x720,63,no,no,7,0.883,0.519,0.654,7.876
YOLOv8n,50,0.0001,480x480,45,gaussian filter,flip horizontal vertical & 2x,5,0.775,0.565,0.654,1.167
BiseNet,50,0.0001,480x480,63,bilateral smooth filter 9 75 75,scale & 2x,7,0.497,0.951,0.653,0.277
Mask RCNN,75,0.0001,480x480,63,gaussian filter & grayscale,flip horizontal vertical & 2x,7,0.599,0.717,0.653,0.169
YOLOv8n,50,0.0001,640x640,45,grayscale,no,5,0.653,0.654,0.653,1.351
Mask RCNN,50,0.0001,480x480,45,grayscale & sharpening & adaptive median filter 7 & bilateral smooth filter 5 50 50,flip horizontal vertical & 2x,5,0.492,0.968,0.652,0.239
YOLOv8n,50,0.0001,480x480,63,bilateral smooth filter 9 75 75,flipHorizontalVertical & 2x,7,0.793,0.553,0.652,0.955
YOLOv8n,50,0.0001,720x720,45,gaussian filter,no,5,0.722,0.594,0.652,1.132
Mask RCNN,50,0.0001,640x640,63,grayscale,no,7,0.662,0.64,0.651,0.161
Mask RCNN,50,0.0001,720x720,63,grayscale,no,7,0.597,0.715,0.651,0.258
YOLOv8n,75,0.0001,720x720,63,gaussian filter,flip horizontal vertical & 2x,7,0.672,0.632,0.651,0.837
Mask RCNN,50,0.0001,480x480,63,adaptive median filter 7,no,7,0.889,0.512,0.65,0.103
SegNet,50,0.0001,480x480,63,bilateral smooth filter 15 100 100,translate & 2x,7,0.886,0.512,0.649,0.638
Mask RCNN,50,0.0001,480x480,63,no,flip horizontal vertical & 2x,7,0.891,0.509,0.648,0.076
YOLOv8n,50,0.0001,640x640,63,gaussian filter,flip horizontal vertical & 2x,7,0.736,0.579,0.648,0.82
Mask RCNN,50,0.0001,480x480,63,resize 720x720,no,7,0.883,0.511,0.647,0.102
Mask RCNN,50,0.0001,480x480,63,resize 720x720 & adaptive median filter 3 & grayscale,no,7,0.649,0.643,0.646,0.924
Mask RCNN,50,0.0001,480x480,63,resize 720x720 & adaptive median filter 7 & grayscale,flip horizontal vertical & 2x,7,0.498,0.92,0.646,0.221
Mask RCNN,50,0.0001,480x480,63,resize 720x720 & hair removal & gaussian filter,flip horizontal vertical & 2x,7,0.918,0.498,0.646,0.146
YOLOv8n,50,0.0001,720x720,63,no,flip horizontal vertical & 2x,7,0.677,0.618,0.646,0.892
YOLOv8n,75,0.0001,720x720,45,gaussian filter,no,5,0.672,0.622,0.646,1.153
UNet,50,0.0001,720x720,63,grayscale,no,7,0.621,0.67,0.645,0.225
Mask RCNN,50,0.0001,480x480,45,resize 480x480 & hair removal & gaussian filter,flip horizontal vertical & 2x,5,0.96,0.484,0.644,0.156
Mask RCNN,50,0.0001,480x480,45,resize 640x640 & adaptive median filter 5 & grayscale,flip horizontal vertical & 2x,5,0.48,0.978,0.644,0.278
Mask RCNN,50,0.0001,480x480,45,grayscale,no,5,0.477,0.987,0.643,0.127
Mask RCNN,50,0.0001,480x480,63,adaptive median filter 5 & gaussian filter & contrast enhancement,no,7,0.577,0.726,0.643,0.087
YOLOv8n,50,0.0001,480x480,63,bilateral smooth filter 15 100 100,crop & 2x,7,0.686,0.605,0.643,0.942
YOLOv8n,75,0.0001,480x480,63,no,flip horizontal vertical & 2x,7,0.671,0.617,0.643,0.893
Mask RCNN,50,0.0001,480x480,63,adaptive median filter 7 & gaussian filter & contrast enhancement,flip horizontal vertical & 2x,7,0.876,0.506,0.641,0.104
YOLOv8n,50,0.0001,480x480,45,bilateral smooth filter 9 75 75,scale & 2x,5,0.774,0.547,0.641,1.262
YOLOv8n,50,0.0001,640x640,63,gaussian filter,no,7,0.7,0.592,0.641,0.844
Mask RCNN,50,0.0001,720x720,63,no,flip horizontal vertical & 2x,7,0.896,0.498,0.64,0.227
YOLOv8n,75,0.0001,480x480,63,gaussian filter,flip horizontal vertical & 2x,7,0.816,0.526,0.64,0.834
YOLOv8n,75,0.0001,480x480,45,gaussian filter,no,5,0.673,0.609,0.639,1.21
Mask RCNN,50,0.0001,720x720,63,grayscale,flip horizontal vertical & 2x,7,0.669,0.609,0.638,1.472
YOLOv8n,50,0.0001,480x480,45,no,flip horizontal vertical & 2x,5,0.732,0.565,0.638,1.223
Mask RCNN,50,0.0001,480x480,63,resize 480x480 & adaptive median filter 7 & grayscale,flip horizontal vertical & 2x,7,0.535,0.788,0.637,0.113
UNet,75,0.0001,720x720,63,gaussian filter & grayscale,flip horizontal vertical & 2x,7,0.561,0.736,0.637,0.157
YOLOv8n,50,0.0001,480x480,63,bilateral smooth filter 15 100 100,flipHorizontalVertical & 2x,7,0.729,0.566,0.637,0.918
YOLOv8n,75,0.0001,720x720,63,gaussian filter & grayscale,flip horizontal vertical & 2x,7,0.729,0.566,0.637,0.834
Mask RCNN,50,0.0001,480x480,63,resize 640x640 & adaptive median filter 7 & grayscale,flip horizontal vertical & 2x,7,0.487,0.915,0.636,0.132
UNet,75,0.0001,720x720,63,grayscale,flip horizontal vertical & 2x,7,0.53,0.795,0.636,0.147
Mask RCNN,50,0.0001,480x480,45,resize 480x480 & gaussian filter,no,5,0.937,0.479,0.634,1.005
YOLOv8n,50,0.0001,480x480,45,gaussian filter,no,5,0.722,0.565,0.634,1.142
YOLOv8n,75,0.0001,640x640,45,gaussian filter,no,5,0.63,0.638,0.634,1.11
YOLOv8n,75,0.0001,720x720,45,gaussian filter & grayscale,flip horizontal vertical & 2x,5,0.662,0.609,0.634,1.117
YOLOv8n,50,0.0001,720x720,45,gaussian filter & grayscale,flip horizontal vertical & 2x,5,0.743,0.551,0.633,1.118
Mask RCNN,75,0.0001,720x720,63,grayscale,flip horizontal vertical & 2x,7,0.676,0.594,0.632,0.135
YOLOv8n,75,0.0001,640x640,63,gaussian filter,flip horizontal vertical & 2x,7,0.651,0.614,0.632,0.831
Mask RCNN,50,0.0001,480x480,45,resize 720x720 & adaptive median filter 5 & grayscale,no,5,0.47,0.958,0.631,0.114
YOLOv8n,75,0.0001,480x480,45,no,no,5,0.7,0.575,0.631,1.093
YOLOv8n,50,0.0001,480x480,63,grayscale,no,7,0.732,0.553,0.63,0.848
Mask RCNN,50,0.0001,480x480,63,grayscale & sharpening & adaptive median filter 7 & bilateral smooth filter 9 75 75,flip horizontal vertical & 2x,7,0.5,0.849,0.629,0.101
YOLOv8n,50,0.0001,480x480,45,bilateral smooth filter 15 100 100,crop & 2x,5,0.761,0.536,0.629,1.284
DeepLabv3plus,50,0.0001,480x480,63,bilateral smooth filter 9 75 75,flipHorizontalVertical & 2x,7,0.461,0.983,0.628,0.954
Mask RCNN,50,0.0001,480x480,63,adaptive median filter 3 & gaussian filter & contrast enhancement,flip horizontal vertical & 2x,7,0.555,0.723,0.628,0.077
YOLOv8n,50,0.0001,480x480,63,no,no,7,0.735,0.548,0.628,0.848
Mask RCNN,75,0.0001,480x480,63,gaussian filter & grayscale,no,7,0.539,0.75,0.627,0.164
YOLOv8n,50,0.0001,480x480,45,bilateral smooth filter 9 75 75,flip horizontal vertical & 2x,5,0.73,0.55,0.627,1.291
YOLOv8n,75,0.0001,480x480,45,no,flip horizontal vertical & 2x,5,0.646,0.609,0.627,1.317
YOLOv8n,50,0.0001,640x640,45,gaussian filter & grayscale,flip horizontal vertical & 2x,5,0.661,0.594,0.626,1.094
Mask RCNN,50,0.0001,480x480,63,bilateral smooth filter 15 100 100,crop & 2x,7,0.911,0.476,0.625,0.098
HRNet,50,0.0001,480x480,63,bilateral smooth filter 15 100 100,translate & 2x,7,0.456,0.985,0.623,0.616
YOLOv8n,50,0.0001,720x720,63,gaussian filter & grayscale,no,7,0.657,0.592,0.623,0.856
HRNet,50,0.0001,480x480,63,bilateral smooth filter 15 100 100,crop & 2x,7,0.885,0.48,0.622,21.689
YOLOv8n,50,0.0001,640x640,63,gaussian filter & grayscale,no,7,0.626,0.618,0.622,0.827
Mask RCNN,50,0.0001,480x480,63,erosion,flip horizontal vertical & 2x,7,0.901,0.474,0.621,0.211
UNet,50,0.0001,640x640,63,grayscale,flip horizontal vertical & 2x,7,0.673,0.575,0.62,0.167
Mask RCNN,50,0.0001,480x480,63,erosion & dilation & gabor filter & gaussian filter,no,7,0.59,0.651,0.619,1.036
Mask RCNN,50,0.0001,480x480,63,resize 480x480 & adaptive median filter 3 & grayscale,no,7,0.463,0.933,0.619,0.189
UNet,75,0.0001,720x720,63,grayscale,no,7,0.653,0.588,0.619,0.393
YOLOv8n,50,0.0001,480x480,45,bilateral smooth filter 9 75 75,crop & 2x,5,0.704,0.552,0.619,1.226
UNet,50,0.0001,640x640,63,grayscale,no,7,0.679,0.567,0.618,0.129
YOLOv8n,75,0.0001,640x640,63,gaussian filter & grayscale,flip horizontal vertical & 2x,7,0.663,0.579,0.618,0.819
YOLOv8n,75,0.0001,640x640,63,grayscale,no,7,0.645,0.592,0.617,0.82
YOLOv8n,50,0.0001,480x480,63,gaussian filter,flip horizontal vertical & 2x,7,0.74,0.526,0.615,0.865
YOLOv8n,75,0.0001,480x480,63,no,no,7,0.74,0.526,0.615,0.924
YOLOv8n,75,0.0001,640x640,63,grayscale,flip horizontal vertical & 2x,7,0.738,0.526,0.614,0.811
YOLOv8n,50,0.0001,720x720,63,gaussian filter & grayscale,flip horizontal vertical & 2x,7,0.686,0.553,0.612,0.837
BiseNet,50,0.0001,480x480,63,bilateral smooth filter 15 100 100,scale & 2x,7,0.443,0.972,0.609,0.193
Mask RCNN,75,0.0001,640x640,63,gaussian filter & grayscale,flip horizontal vertical & 2x,7,0.489,0.808,0.609,0.102
YOLOv8n,50,0.0001,480x480,63,bilateral smooth filter 9 75 75,crop & 2x,7,0.678,0.553,0.609,0.867
YOLOv8n,75,0.0001,480x480,63,gaussian filter & grayscale,flip horizontal vertical & 2x,7,0.601,0.618,0.609,0.771
YOLOv8n,75,0.0001,640x640,63,gaussian filter & grayscale,no,7,0.74,0.513,0.606,0.831
YOLOv8n,75,0.0001,480x480,63,grayscale,flip horizontal vertical & 2x,7,0.689,0.539,0.605,0.849
Mask RCNN,75,0.0001,640x640,63,gaussian filter,no,7,0.898,0.455,0.604,1.165
YOLOv8n,50,0.0001,480x480,45,grayscale,no,5,0.697,0.533,0.604,1.174
YOLOv8n,75,0.0001,640x640,63,gaussian filter,no,7,0.665,0.553,0.604,0.827
DeepLabv3plus,50,0.0001,480x480,63,bilateral smooth filter 15 100 100,flipHorizontalVertical & 2x,7,0.432,0.992,0.602,0.649
Mask RCNN,50,0.0001,720x720,45,gaussian filter,flip horizontal vertical & 2x,5,0.943,0.441,0.601,0.129
YOLOv8n,50,0.0001,640x640,45,grayscale,flip horizontal vertical & 2x,5,0.637,0.565,0.599,1.104
HRNet,50,0.0001,480x480,63,bilateral smooth filter 9 75 75,translate & 2x,7,0.428,0.989,0.597,0.247
Mask RCNN,50,0.0001,480x480,45,adaptive median filter 7,no,5,0.964,0.432,0.597,0.129
Mask RCNN,50,0.0001,480x480,63,grayscale & sharpening & adaptive median filter 3 & bilateral smooth filter 9 75 75,flip horizontal vertical & 2x,7,0.433,0.962,0.597,0.074
YOLOv8n,75,0.0001,480x480,63,gaussian filter,no,7,0.645,0.553,0.595,0.856
Mask RCNN,50,0.0001,480x480,63,grayscale & sharpening & adaptive median filter 5 & bilateral smooth filter 5 50 50,no,7,0.436,0.934,0.594,0.164
Mask RCNN,50,0.0001,480x480,63,grayscale & sharpening & adaptive median filter 5 & bilateral smooth filter 9 75 75,no,7,0.447,0.885,0.594,0.083
YOLOv8n,75,0.0001,480x480,45,gaussian filter & grayscale,flip horizontal vertical & 2x,5,0.642,0.551,0.593,1.083
YOLOv8n,50,0.0001,720x720,45,gaussian filter & grayscale,no,5,0.605,0.577,0.591,1.151
YOLOv8n,50,0.0001,480x480,45,grayscale,flip horizontal vertical & 2x,5,0.586,0.594,0.59,1.307
YOLOv8n,50,0.0001,480x480,63,grayscale,flip horizontal vertical & 2x,7,0.632,0.553,0.59,0.833
YOLOv8n,50,0.0001,480x480,45,bilateral smooth filter 15 100 100,translate & 2x,5,0.767,0.478,0.589,1.24
YOLOv8n,50,0.0001,640x640,63,gaussian filter & grayscale,flip horizontal vertical & 2x,7,0.648,0.539,0.588,0.807
Mask RCNN,50,0.0001,480x480,63,grayscale & sharpening & adaptive median filter 7 & bilateral smooth filter 5 50 50,no,7,0.442,0.872,0.587,0.174
YOLOv8n,50,0.0001,480x480,63,bilateral smooth filter 9 75 75,scale & 2x,7,0.711,0.5,0.587,0.873
YOLOv8n,50,0.0001,640x640,45,gaussian filter,no,5,0.611,0.565,0.587,1.135
Mask RCNN,50,0.0001,480x480,63,bilateral smooth filter 9 75 75,zoom in & 2x,7,0.923,0.429,0.586,0.151
Mask RCNN,50,0.0001,480x480,45,erosion & dilation & gabor filter & gaussian filter,flip horizontal vertical & 2x,5,0.415,0.982,0.583,0.101
Mask RCNN,50,0.0001,480x480,63,gaussian filter & grayscale,flip horizontal vertical & 2x,7,0.439,0.863,0.582,0.125
YOLOv8n,75,0.0001,720x720,63,grayscale,flip horizontal vertical & 2x,7,0.596,0.566,0.581,0.848
UNet,75,0.0001,480x480,63,gaussian filter & grayscale,flip horizontal vertical & 2x,7,0.466,0.762,0.578,0.171
YOLOv8n,50,0.0001,640x640,45,gaussian filter & grayscale,no,5,0.647,0.522,0.578,1.157
YOLOv8n,50,0.0001,480x480,63,bilateral smooth filter 15 100 100,translate & 2x,7,0.64,0.526,0.577,0.896
YOLOv8n,75,0.0001,640x640,45,gaussian filter & grayscale,flip horizontal vertical & 2x,5,0.589,0.565,0.577,1.293
UNet,75,0.0001,640x640,63,grayscale,no,7,0.702,0.485,0.574,0.206
YOLOv8n,50,0.0001,640x640,63,grayscale,flip horizontal vertical & 2x,7,0.525,0.624,0.57,0.802
YOLOv8n,50,0.0001,640x640,63,grayscale,no,7,0.597,0.526,0.559,0.833
YOLOv8n,50,0.0001,480x480,63,no,flip horizontal vertical & 2x,7,0.721,0.447,0.552,0.796
YOLOv8n,50,0.0001,480x480,63,gaussian filter,no,7,0.756,0.434,0.551,0.823
YOLOv8n,75,0.0001,480x480,63,grayscale,no,7,0.636,0.484,0.55,0.837
YOLOv8n,75,0.0001,640x640,45,gaussian filter & grayscale,no,5,0.6,0.507,0.55,1.121
YOLOv8n,75,0.0001,720x720,63,gaussian filter & grayscale,no,7,0.619,0.487,0.545,0.827
Mask RCNN,50,0.0001,480x480,63,gaussian filter,no,7,0.512,0.557,0.534,0.092
Mask RCNN,50,0.0001,480x480,63,resize 640x640 & adaptive median filter 5 & grayscale,no,7,0.369,0.969,0.534,0.203
Mask RCNN,50,0.0001,480x480,63,gaussian filter,flip horizontal vertical & 2x,7,0.472,0.602,0.529,0.087
Mask RCNN,50,0.0001,480x480,63,grayscale,no,7,0.349,0.986,0.516,0.101
Mask RCNN,50,0.0001,480x480,45,adaptive median filter 5 & gaussian filter & contrast enhancement,no,5,0.352,0.958,0.515,0.111
YOLOv8n,75,0.0001,480x480,45,gaussian filter & grayscale,no,5,0.554,0.478,0.513,1.168
YOLOv8n,50,0.0001,480x480,45,gaussian filter & grayscale,flip horizontal vertical & 2x,5,0.547,0.472,0.507,1.107
Mask RCNN,50,0.0001,480x480,63,grayscale & sharpening & adaptive median filter 7 & bilateral smooth filter 5 50 50,flip horizontal vertical & 2x,7,0.343,0.962,0.506,0.186
Mask RCNN,50,0.0001,480x480,45,grayscale & sharpening & adaptive median filter 3 & bilateral smooth filter 15 100 100,flip horizontal vertical & 2x,5,0.337,0.964,0.499,0.144
YOLOv8n,50,0.0001,480x480,45,gaussian filter & grayscale,no,5,0.589,0.42,0.49,1.102
Mask RCNN,50,0.0001,480x480,45,adaptive median filter 5,no,5,0.977,0.325,0.488,0.111
YOLOv8n,50,0.0001,480x480,63,gaussian filter & grayscale,no,7,0.477,0.487,0.482,0.85
Mask RCNN,50,0.0001,480x480,63,resize 720x720 & adaptive median filter 7 & grayscale,no,7,0.325,0.925,0.481,0.219
YOLOv8n,50,0.0001,480x480,63,gaussian filter & grayscale,flip horizontal vertical & 2x,7,0.453,0.5,0.475,0.927
Mask RCNN,75,0.0001,480x480,45,gaussian filter & grayscale,no,5,0.321,0.868,0.469,0.207
YOLOv8n,75,0.0001,480x480,63,gaussian filter & grayscale,no,7,0.526,0.421,0.468,1.201
HRNet,50,0.0001,480x480,63,bilateral smooth filter 15 100 100,scale & 2x,7,0.305,0.992,0.467,0.427
Mask RCNN,50,0.0001,480x480,63,resize 480x480 & adaptive median filter 5 & grayscale,no,7,0.274,0.948,0.425,0.928
Mask RCNN,50,0.0001,480x480,63,grayscale,flip horizontal vertical & 2x,7,0.242,0.997,0.389,0.109
Mask RCNN,50,0.0001,480x480,63,grayscale & sharpening & adaptive median filter 3 & bilateral smooth filter 15 100 100,flip horizontal vertical & 2x,7,0.22,0.988,0.36,0.116
PSPNet,50,0.0001,480x480,63,bilateral smooth filter 9 75 75,flipHorizontalVertical & 2x,7,0.209,0.994,0.345,0.629
HRNet,50,0.0001,480x480,45,bilateral smooth filter 15 100 100,flip horizontal vertical & 2x,5,0.201,0.998,0.335,0.545
Mask RCNN,50,0.0001,480x480,45,resize 480x480 & gaussian filter & background masking,no,5,0.996,0.197,0.329,1.025
Mask RCNN,50,0.0001,480x480,45,resize 640x640 & gaussian filter & background masking,no,5,0.995,0.197,0.329,0.111
Mask RCNN,50,0.0001,480x480,45,resize 720x720 & gaussian filter & background masking,no,5,0.998,0.195,0.326,0.141
Mask RCNN,50,0.0001,480x480,45,resize 720x720 & background masking,no,5,0.999,0.194,0.325,0.128
Mask RCNN,50,0.0001,480x480,45,resize 480x480 & background masking,no,5,0.998,0.192,0.322,1.29
Mask RCNN,50,0.0001,480x480,45,background masking,no,5,0.999,0.19,0.319,1.142
Mask RCNN,50,0.0001,480x480,45,resize 640x640 & background masking,no,5,0.999,0.19,0.319,0.107
Mask RCNN,50,0.0001,480x480,45,resize 480x480 & background masking,flip horizontal vertical & 2x,5,0.998,0.187,0.315,0.094
Mask RCNN,50,0.0001,480x480,45,resize 640x640 & background masking,flip horizontal vertical & 2x,5,0.999,0.186,0.314,0.111
Mask RCNN,50,0.0001,480x480,45,resize 720x720 & background masking,flip horizontal vertical & 2x,5,0.998,0.186,0.314,0.129
Mask RCNN,50,0.0001,480x480,45,resize 720x720 & gaussian filter & background masking,flip horizontal vertical & 2x,5,0.997,0.186,0.314,0.139
Mask RCNN,50,0.0001,480x480,45,resize 640x640 & gaussian filter & background masking,flip horizontal vertical & 2x,5,0.997,0.183,0.309,0.12
Mask RCNN,50,0.0001,480x480,45,resize 480x480 & gaussian filter & background masking,flip horizontal vertical & 2x,5,0.998,0.181,0.306,0.099
Mask RCNN,50,0.0001,480x480,45,background masking,flip horizontal vertical & 2x,5,0.999,0.18,0.305,0.109
Mask RCNN,50,0.0001,480x480,63,resize 720x720 & gaussian filter & background masking,no,7,0.997,0.179,0.304,0.108
Mask RCNN,50,0.0001,480x480,63,resize 480x480 & background masking,no,7,0.998,0.178,0.302,0.928
Mask RCNN,50,0.0001,480x480,63,resize 480x480 & gaussian filter & background masking,no,7,0.997,0.178,0.302,1.001
Mask RCNN,50,0.0001,480x480,63,resize 640x640 & background masking,no,7,0.998,0.178,0.302,0.085
Mask RCNN,50,0.0001,480x480,63,resize 640x640 & gaussian filter & background masking,no,7,0.998,0.178,0.302,0.099
Mask RCNN,50,0.0001,480x480,63,resize 640x640 & gaussian filter & background masking,flip horizontal vertical & 2x,7,0.998,0.176,0.299,0.097
Mask RCNN,50,0.0001,480x480,63,resize 720x720 & gaussian filter & background masking,flip horizontal vertical & 2x,7,0.997,0.176,0.299,0.113
Mask RCNN,50,0.0001,480x480,63,resize 720x720 & background masking,no,7,0.999,0.175,0.298,0.105
Mask RCNN,50,0.0001,480x480,63,resize 480x480 & background masking,flip horizontal vertical & 2x,7,0.999,0.174,0.296,0.078
Mask RCNN,50,0.0001,480x480,63,resize 480x480 & gaussian filter & background masking,flip horizontal vertical & 2x,7,0.997,0.174,0.296,0.085
Mask RCNN,50,0.0001,480x480,63,resize 720x720 & background masking,flip horizontal vertical & 2x,7,0.999,0.174,0.296,0.104
Mask RCNN,50,0.0001,480x480,63,background masking,no,7,1.0,0.173,0.295,1.016
Mask RCNN,50,0.0001,480x480,63,resize 640x640 & background masking,flip horizontal vertical & 2x,7,0.999,0.173,0.295,0.09
Mask RCNN,50,0.0001,480x480,63,background masking,flip horizontal vertical & 2x,7,0.999,0.171,0.292,0.078
PSPNet,50,0.0001,480x480,63,bilateral smooth filter 15 100 100,flipHorizontalVertical & 2x,7,0.171,0.988,0.292,0.88
Mask RCNN,50,0.0001,480x480,45,gaussian filter,no,5,0.084,1.0,0.155,0.113
DeepLabv3plus,50,0.0001,480x480,45,bilateral smooth filter 15 100 100,translate & 2x,5,0.077,0.997,0.143,0.776
DeepLabv3plus,50,0.0001,480x480,45,bilateral smooth filter 9 75 75,scale & 2x,5,0.061,1.0,0.115,1.165
DeepLabv3plus,50,0.0001,480x480,45,bilateral smooth filter 15 100 100,crop & 2x,5,0.053,1.0,0.101,1.984
PSPNet,50,0.0001,480x480,45,bilateral smooth filter 9 75 75,crop & 2x,5,0.052,0.998,0.099,0.681
DeepLabv3plus,50,0.0001,480x480,45,bilateral smooth filter 9 75 75,translate & 2x,5,0.046,1.0,0.088,1.192
PSPNet,50,0.0001,480x480,45,bilateral smooth filter 15 100 100,translate & 2x,5,0.04,0.993,0.077,0.556
PSPNet,50,0.0001,480x480,45,bilateral smooth filter 9 75 75,scale & 2x,5,0.038,0.995,0.073,0.735
PSPNet,50,0.0001,480x480,45,bilateral smooth filter 15 100 100,crop & 2x,5,0.037,0.992,0.071,0.893
Mask RCNN,50,0.0001,480x480,63,resize 640x640 & adaptive median filter 7 & grayscale,no,7,0.035,0.915,0.067,0.121
PSPNet,50,0.0001,480x480,45,bilateral smooth filter 15 100 100,scale & 2x,5,0.026,0.997,0.051,0.473
DeepLabv3plus,50,0.0001,480x480,45,bilateral smooth filter 15 100 100,scale & 2x,5,0.024,1.0,0.047,0.721
DeepLabv3plus,50,0.0001,480x480,45,bilateral smooth filter 9 75 75,crop & 2x,5,0.02,1.0,0.039,1.039
PSPNet,50,0.0001,480x480,45,bilateral smooth filter 9 75 75,translate & 2x,5,0.019,1.0,0.037,0.809
DeepLabv3plus,50,0.0001,480x480,45,bilateral smooth filter 9 75 75,flip horizontal vertical & 2x,5,0.012,1.0,0.024,1.117
PSPNet,50,0.0001,480x480,45,bilateral smooth filter 9 75 75,flip horizontal vertical & 2x,5,0.011,1.0,0.022,0.73
Mask RCNN,50,0.0001,480x480,63,grayscale & sharpening & adaptive median filter 3 & bilateral smooth filter 15 100 100,no,7,0.01,0.513,0.02,0.109
DeepLabv3plus,50,0.0001,480x480,63,bilateral smooth filter 9 75 75,translate & 2x,7,0.004,1.0,0.008,0.476
DeepLabv3plus,50,0.0001,480x480,45,bilateral smooth filter 15 100 100,flip horizontal vertical & 2x,5,0.002,1.0,0.004,0.678
Mask RCNN,50,0.0001,480x480,45,gaussian filter,flip horizontal vertical & 2x,5,0.002,1.0,0.004,0.11
Mask RCNN,50,0.0001,480x480,63,grayscale & sharpening & adaptive median filter 5 & bilateral smooth filter 15 100 100,flip horizontal vertical & 2x,7,0.001,0.12,0.002,0.125
Mask RCNN,75,0.0001,720x720,63,gaussian filter & grayscale,flip horizontal vertical & 2x,7,0.001,0.162,0.002,0.159
UNet,75,0.0001,640x640,45,gaussian filter,no,5,0.001,1.0,0.002,0.331
DeepLabv3plus,50,0.0001,480x480,63,bilateral smooth filter 15 100 100,scale & 2x,7,0.0,1.0,0.0,0.685
DeepLabv3plus,50,0.0001,480x480,63,bilateral smooth filter 15 100 100,translate & 2x,7,0.0,0.0,0.0,0.741
DeepLabv3plus,50,0.0001,480x480,63,bilateral smooth filter 9 75 75,scale & 2x,7,0.0,1.0,0.0,1.656
Mask RCNN,50,0.0001,480x480,45,gaussian filter & grayscale,no,5,0.0,0.0,0.0,0.141
Mask RCNN,50,0.0001,480x480,45,grayscale & sharpening & adaptive median filter 3 & bilateral smooth filter 15 100 100,no,5,0.0,0.0,0.0,0.142
Mask RCNN,50,0.0001,480x480,45,grayscale & sharpening & adaptive median filter 5 & bilateral smooth filter 15 100 100,flip horizontal vertical & 2x,5,0.0,0.0,0.0,0.167
Mask RCNN,50,0.0001,480x480,45,grayscale & sharpening & adaptive median filter 5 & bilateral smooth filter 15 100 100,no,5,0.0,0.0,0.0,0.16
Mask RCNN,50,0.0001,480x480,45,grayscale & sharpening & adaptive median filter 5 & bilateral smooth filter 9 75 75,no,5,0.0,0.0,0.0,0.107
Mask RCNN,50,0.0001,480x480,45,grayscale & sharpening & adaptive median filter 7 & bilateral smooth filter 15 100 100,flip horizontal vertical & 2x,5,0.0,0.0,0.0,0.21
Mask RCNN,50,0.0001,480x480,45,grayscale & sharpening & adaptive median filter 7 & bilateral smooth filter 15 100 100,no,5,0.0,0.0,0.0,0.178
Mask RCNN,50,0.0001,480x480,45,grayscale & sharpening & adaptive median filter 7 & bilateral smooth filter 9 75 75,no,5,0.0,0.0,0.0,0.125
Mask RCNN,50,0.0001,480x480,45,no,no,5,0.0,0.0,0.0,0.828
Mask RCNN,50,0.0001,480x480,45,resize 480x480 & adaptive median filter 7 & grayscale,flip horizontal vertical & 2x,5,0.0,0.122,0.0,0.141
Mask RCNN,50,0.0001,480x480,45,resize 480x480 & adaptive median filter 7 & grayscale,no,5,0.0,0.0,0.0,0.13
Mask RCNN,50,0.0001,480x480,45,resize 640x640 & adaptive median filter 7 & grayscale,no,5,0.0,0.0,0.0,0.171
Mask RCNN,50,0.0001,480x480,45,resize 720x720 & adaptive median filter 7 & grayscale,no,5,0.0,0.0,0.0,0.291
Mask RCNN,50,0.0001,480x480,63,gaussian filter & grayscale,no,7,0.0,0.0,0.0,0.117
Mask RCNN,50,0.0001,480x480,63,grayscale & sharpening & adaptive median filter 5 & bilateral smooth filter 15 100 100,no,7,0.0,0.0,0.0,0.123
Mask RCNN,50,0.0001,480x480,63,grayscale & sharpening & adaptive median filter 7 & bilateral smooth filter 15 100 100,flip horizontal vertical & 2x,7,0.0,0.0,0.0,0.142
Mask RCNN,50,0.0001,480x480,63,grayscale & sharpening & adaptive median filter 7 & bilateral smooth filter 15 100 100,no,7,0.0,0.0,0.0,0.138
Mask RCNN,50,0.0001,480x480,63,grayscale & sharpening & adaptive median filter 7 & bilateral smooth filter 9 75 75,no,7,0.0,0.0,0.0,0.097
Mask RCNN,50,0.0001,480x480,63,resize 480x480 & adaptive median filter 7 & grayscale,no,7,0.0,0.0,0.0,0.123
Mask RCNN,50,0.0001,640x640,45,gaussian filter,no,5,0.0,0.0,0.0,0.224
Mask RCNN,50,0.0001,640x640,45,gaussian filter & grayscale,flip horizontal vertical & 2x,5,0.0,0.0,0.0,0.254
Mask RCNN,50,0.0001,640x640,45,gaussian filter & grayscale,no,5,0.0,0.0,0.0,0.231
Mask RCNN,50,0.0001,640x640,63,gaussian filter & grayscale,flip horizontal vertical & 2x,7,0.0,0.0,0.0,0.191
Mask RCNN,50,0.0001,640x640,63,gaussian filter & grayscale,no,7,0.0,0.0,0.0,0.185
Mask RCNN,50,0.0001,720x720,45,gaussian filter,no,5,0.0,0.0,0.0,1.433
Mask RCNN,50,0.0001,720x720,45,gaussian filter & grayscale,flip horizontal vertical & 2x,5,0.0,0.0,0.0,0.136
Mask RCNN,50,0.0001,720x720,45,gaussian filter & grayscale,no,5,0.0,0.0,0.0,0.124
Mask RCNN,50,0.0001,720x720,45,no,no,5,0.0,0.0,0.0,1.66
Mask RCNN,50,0.0001,720x720,63,gaussian filter & grayscale,flip horizontal vertical & 2x,7,0.0,0.0,0.0,0.122
Mask RCNN,50,0.0001,720x720,63,gaussian filter & grayscale,no,7,0.0,0.0,0.0,0.107
Mask RCNN,75,0.0001,480x480,45,gaussian filter,no,5,0.0,0.0,0.0,0.195
Mask RCNN,75,0.0001,480x480,45,no,no,5,0.0,0.0,0.0,0.921
Mask RCNN,75,0.0001,640x640,45,gaussian filter,no,5,0.0,0.0,0.0,0.29
Mask RCNN,75,0.0001,640x640,45,gaussian filter & grayscale,no,5,0.0,0.0,0.0,0.306
Mask RCNN,75,0.0001,640x640,45,no,no,5,0.0,0.0,0.0,0.244
Mask RCNN,75,0.0001,640x640,63,gaussian filter & grayscale,no,7,0.0,0.0,0.0,0.083
Mask RCNN,75,0.0001,720x720,45,gaussian filter,no,5,0.0,0.0,0.0,0.174
Mask RCNN,75,0.0001,720x720,45,gaussian filter & grayscale,flip horizontal vertical & 2x,5,0.0,0.0,0.0,0.193
Mask RCNN,75,0.0001,720x720,45,gaussian filter & grayscale,no,5,0.0,0.0,0.0,0.183
Mask RCNN,75,0.0001,720x720,45,no,no,5,0.0,0.0,0.0,1.554
Mask RCNN,75,0.0001,720x720,63,gaussian filter & grayscale,no,7,0.0,0.0,0.0,0.157
PSPNet,50,0.0001,480x480,45,bilateral smooth filter 15 100 100,flip horizontal vertical & 2x,5,0.0,1.0,0.0,0.419
PSPNet,50,0.0001,480x480,63,bilateral smooth filter 15 100 100,scale & 2x,7,0.0,0.0,0.0,0.447
PSPNet,50,0.0001,480x480,63,bilateral smooth filter 15 100 100,translate & 2x,7,0.0,0.0,0.0,0.46
PSPNet,50,0.0001,480x480,63,bilateral smooth filter 9 75 75,scale & 2x,7,0.0,0.0,0.0,0.685
PSPNet,50,0.0001,480x480,63,bilateral smooth filter 9 75 75,translate & 2x,7,0.0,0.0,0.0,0.708
UNet,50,0.0001,480x480,45,gaussian filter,no,5,0.0,0.0,0.0,0.273
UNet,50,0.0001,480x480,45,gaussian filter & grayscale,flip horizontal vertical & 2x,5,0.0,0.0,0.0,0.296
UNet,50,0.0001,480x480,45,gaussian filter & grayscale,no,5,0.0,0.0,0.0,0.283
UNet,50,0.0001,480x480,45,no,no,5,0.0,0.0,0.0,5.746
UNet,50,0.0001,480x480,63,gaussian filter & grayscale,flip horizontal vertical & 2x,7,0.0,0.0,0.0,0.241
UNet,50,0.0001,480x480,63,gaussian filter & grayscale,no,7,0.0,0.0,0.0,0.222
UNet,50,0.0001,640x640,45,gaussian filter,no,5,0.0,0.0,0.0,0.186
UNet,50,0.0001,640x640,45,gaussian filter & grayscale,flip horizontal vertical & 2x,5,0.0,0.0,0.0,0.238
UNet,50,0.0001,640x640,45,gaussian filter & grayscale,no,5,0.0,0.0,0.0,0.193
UNet,50,0.0001,640x640,45,no,no,5,0.0,0.0,0.0,4.423
UNet,50,0.0001,640x640,63,gaussian filter & grayscale,flip horizontal vertical & 2x,7,0.0,0.0,0.0,0.182
UNet,50,0.0001,640x640,63,gaussian filter & grayscale,no,7,0.0,0.0,0.0,0.175
UNet,50,0.0001,720x720,45,gaussian filter,no,5,0.0,0.0,0.0,0.3
UNet,50,0.0001,720x720,45,gaussian filter & grayscale,flip horizontal vertical & 2x,5,0.0,0.0,0.0,0.325
UNet,50,0.0001,720x720,45,gaussian filter & grayscale,no,5,0.0,0.0,0.0,0.705
UNet,50,0.0001,720x720,45,no,no,5,0.0,0.0,0.0,5.26
UNet,50,0.0001,720x720,63,gaussian filter & grayscale,flip horizontal vertical & 2x,7,0.0,0.0,0.0,7.193
UNet,50,0.0001,720x720,63,gaussian filter & grayscale,no,7,0.0,0.0,0.0,0.297
UNet,75,0.0001,480x480,45,gaussian filter,no,5,0.0,0.0,0.0,0.172
UNet,75,0.0001,480x480,45,gaussian filter & grayscale,no,5,0.0,0.0,0.0,0.177
UNet,75,0.0001,480x480,45,no,no,5,0.0,0.0,0.0,5.647
UNet,75,0.0001,480x480,63,gaussian filter & grayscale,no,7,0.0,0.0,0.0,0.159
UNet,75,0.0001,640x640,45,gaussian filter & grayscale,flip horizontal vertical & 2x,5,0.0,0.0,0.0,0.395
UNet,75,0.0001,640x640,45,gaussian filter & grayscale,no,5,0.0,0.0,0.0,0.379
UNet,75,0.0001,640x640,45,no,no,5,0.0,0.0,0.0,4.463
UNet,75,0.0001,640x640,63,gaussian filter & grayscale,flip horizontal vertical & 2x,7,0.0,1.0,0.0,0.287
UNet,75,0.0001,640x640,63,gaussian filter & grayscale,no,7,0.0,0.0,0.0,0.285
UNet,75,0.0001,720x720,45,gaussian filter,no,5,0.0,0.0,0.0,5.052
UNet,75,0.0001,720x720,45,gaussian filter & grayscale,flip horizontal vertical & 2x,5,0.0,0.0,0.0,0.175
UNet,75,0.0001,720x720,45,gaussian filter & grayscale,no,5,0.0,0.0,0.0,0.166
UNet,75,0.0001,720x720,45,no,no,5,0.0,0.0,0.0,5.777
UNet,75,0.0001,720x720,63,gaussian filter & grayscale,no,7,0.0,0.0,0.0,0.152
